序号,代码,名称,最新价,涨跌幅,涨跌额,成交量,成交额,振幅,最高,最低,今开,昨收,量比,指数代码,指数名称,category
1,000037,上证医药,7214.55,3.15,220.13,10102512,44936006531.0,3.46,7244.48,7002.32,7002.81,6994.42,1.04,000037,上证医药,上证系列指数
2,000977,内地低碳,1763.98,3.05,52.26,38459236,98672800612.0,4.26,1785.92,1713.06,1716.79,1711.72,1.25,000977,内地低碳,上证系列指数
3,000941,新能源,2071.87,2.93,58.88,30119113,89232744283.0,4.7,2102.99,2008.34,2015.28,2012.99,1.24,000941,新能源,上证系列指数
4,000823,800有色,8208.29,2.86,228.54,48482361,100650915723.0,3.02,8258.37,8017.74,8035.69,7979.75,1.18,000823,800有色,上证系列指数
5,000814,细分医药,9357.76,2.8,254.61,13146357,49941866852.7,3.42,9408.74,9097.77,9097.77,9103.15,1.06,000814,细分医药,上证系列指数
6,000841,800医药,9393.49,2.77,253.14,13196259,52201302405.0,3.42,9444.7,9131.67,9133.41,9140.35,1.0,000841,800医药,上证系列指数
7,000913,300医药,9376.04,2.75,250.83,9372566,40250467640.9,3.4,9417.28,9106.61,9106.61,9125.21,1.2,000913,300医药,上证系列指数
8,000819,有色金属,7116.63,2.72,188.69,51801360,109616025816.0,3.05,7170.99,6959.99,6972.44,6927.94,1.18,000819,有色金属,上证系列指数
9,000811,细分有色,8530.43,2.7,224.22,52479874,102952090129.0,2.93,8590.95,8347.83,8360.77,8306.21,1.19,000811,细分有色,上证系列指数
10,000863,CS精准医,3051.8,2.69,79.94,7932122,41921626284.0,4.85,3090.51,2946.45,2969.39,2971.86,1.1,000863,CS精准医,上证系列指数
11,000807,食品饮料,20326.43,2.65,524.75,10790367,47909046904.0,2.4,20437.2,19962.52,19962.52,19801.68,1.12,000807,食品饮料,上证系列指数
12,000812,细分机械,6639.23,2.58,167.09,39058537,107601271820.0,3.8,6715.36,6469.51,6487.57,6472.14,1.13,000812,细分机械,上证系列指数
13,000815,细分食品,21037.98,2.57,526.93,12034352,47292598002.0,2.36,21156.29,20672.05,20672.05,20511.05,1.18,000815,细分食品,上证系列指数
14,000069,消费80,5263.76,2.55,130.9,29745548,108371729786.0,2.34,5274.64,5154.77,5154.77,5132.86,1.02,000069,消费80,上证系列指数
15,000692,科创新能,1068.77,2.55,26.62,9734099,22907486189.0,4.13,1072.86,1029.81,1043.76,1042.15,1.18,000692,科创新能,上证系列指数
16,000827,中证环保,1588.18,2.46,38.14,53567012,127336172224.6,3.67,1606.76,1549.9,1553.61,1550.04,1.17,000827,中证环保,上证系列指数
17,000912,300消费,22911.08,2.39,534.32,6114685,36257157098.0,2.0,22966.87,22518.44,22518.44,22376.76,1.32,000912,300消费,上证系列指数
18,000145,优势资源,6766.32,2.3,152.15,38752625,81359471262.0,2.23,6800.61,6652.87,6664.9,6614.17,1.15,000145,优势资源,上证系列指数
19,000071,材料等权,4114.24,2.25,90.71,66099811,97459964825.0,2.21,4123.29,4034.39,4046.39,4023.53,1.04,000071,材料等权,上证系列指数
20,000683,科创生物,1265.0,2.21,27.39,3505088,21943935010.0,4.42,1281.68,1227.01,1240.81,1237.61,1.03,000683,科创生物,上证系列指数
21,000990,全指消费,14177.83,2.21,306.85,13060522,53163383305.0,2.06,14237.61,13951.28,13951.28,13870.98,1.02,000990,全指消费,上证系列指数
22,000147,优势消费,7408.38,2.15,155.87,12090909,51157013170.0,2.18,7435.45,7277.18,7277.18,7252.51,1.08,000147,优势消费,上证系列指数
23,000805,A股资源,5804.31,2.15,122.38,52362266,94497156298.0,1.87,5818.38,5711.93,5711.93,5681.93,1.16,000805,A股资源,上证系列指数
24,000910,300工业,2322.08,2.11,48.0,70999573,132177546808.0,3.28,2347.37,2272.67,2277.41,2274.08,1.31,000910,300工业,上证系列指数
25,000036,上证消费,11774.32,2.09,240.77,7222723,31370523770.0,2.03,11863.13,11628.94,11628.94,11533.55,1.12,000036,上证消费,上证系列指数
26,000909,300材料,3210.76,2.08,65.51,56903811,80652940586.0,2.4,3241.5,3166.14,3166.27,3145.25,1.07,000909,300材料,上证系列指数
27,000103,沪消费品,8781.43,2.07,178.08,10832836,56862073102.0,2.22,8801.77,8610.96,8610.96,8603.35,1.02,000103,沪消费品,上证系列指数
28,000933,中证医药,9167.42,2.07,186.34,19958022,69773254534.7,2.71,9213.86,8970.44,8970.45,8981.08,0.97,000933,中证医药,上证系列指数
29,000932,中证消费,16991.46,2.06,342.91,11134980,45164255252.3,2.0,17069.09,16736.91,16736.91,16648.55,1.02,000932,中证消费,上证系列指数
30,000944,内地资源,4160.68,2.03,82.63,52238489,101046027327.0,1.85,4185.28,4109.94,4109.94,4078.05,1.18,000944,内地资源,上证系列指数
31,000961,中证上游,3963.85,2.0,77.8,51718767,94864768249.0,1.99,3990.84,3913.57,3913.57,3886.05,1.18,000961,中证上游,上证系列指数
32,000808,医药生物,9431.74,1.97,181.8,22298215,75584973378.0,2.61,9484.56,9243.17,9244.93,9249.94,0.92,000808,医药生物,上证系列指数
33,000991,全指医药,9911.49,1.95,189.29,23430452,80735701856.1,2.58,9968.19,9717.79,9718.8,9722.2,0.93,000991,全指医药,上证系列指数
34,000033,上证材料,3019.79,1.94,57.41,66099811,97459964825.0,2.18,3040.96,2976.27,2982.68,2962.38,1.04,000033,上证材料,上证系列指数
35,000929,800材料,3630.32,1.93,68.81,99189648,155793182399.0,1.88,3650.55,3583.5,3585.19,3561.51,1.04,000929,800材料,上证系列指数
36,000918,300成长,4721.48,1.88,87.02,69391121,326591266040.0,2.83,4748.16,4617.0,4626.14,4634.46,1.22,000918,300成长,上证系列指数
37,000105,380材料,4860.88,1.87,89.11,27407342,40716147871.0,1.85,4866.74,4778.61,4788.2,4771.77,1.26,000105,380材料,上证系列指数
38,000930,800工业,3160.6,1.81,56.31,126600390,237691656341.0,2.81,3191.96,3104.88,3112.29,3104.29,1.16,000930,800工业,上证系列指数
39,000068,上证资源,3398.38,1.81,60.37,46122155,87520951276.0,1.85,3417.77,3355.97,3359.44,3338.01,1.15,000068,上证资源,上证系列指数
40,000096,上证下游,4575.28,1.75,78.79,69854138,160500639981.0,1.61,4581.92,4509.59,4509.59,4496.49,0.95,000096,上证下游,上证系列指数
41,000094,上证上游,3700.74,1.75,63.72,45746348,86956233391.0,1.84,3728.45,3661.6,3662.77,3637.02,1.15,000094,上证上游,上证系列指数
42,000987,全指材料,4111.58,1.73,69.74,126303422,189696715880.5,1.77,4134.12,4062.56,4066.21,4041.84,1.01,000987,全指材料,上证系列指数
43,000126,消费50,8645.58,1.72,145.92,22195195,72585515059.0,1.61,8691.05,8553.93,8553.93,8499.66,1.01,000126,消费50,上证系列指数
44,000854,500原料,5074.85,1.71,85.42,42285837,75140241813.0,1.31,5076.36,5011.1,5022.35,4989.43,1.0,000854,500原料,上证系列指数
45,000092,资源50,4136.3,1.63,66.21,48810233,96302468212.0,1.73,4160.33,4089.85,4093.09,4070.09,1.13,000092,资源50,上证系列指数
46,000988,全指工业,3725.57,1.6,58.58,176358229,325806762324.0,2.61,3759.71,3664.08,3674.48,3666.99,1.09,000988,全指工业,上证系列指数
47,000074,消费等权,7535.79,1.6,118.68,7222723,31370523770.0,1.89,7594.1,7453.58,7453.58,7417.11,1.12,000074,消费等权,上证系列指数
48,000066,上证商品,3114.22,1.59,48.61,69096624,96056026337.0,1.45,3124.6,3080.16,3081.93,3065.61,1.08,000066,上证商品,上证系列指数
49,000813,细分化工,3190.15,1.52,47.68,20700354,37359097249.0,2.14,3215.29,3148.06,3148.06,3142.47,0.86,000813,细分化工,上证系列指数
50,000028,180成长,3750.91,1.52,56.03,55909979,186637669379.0,1.75,3759.51,3694.99,3694.99,3694.88,1.24,000028,180成长,上证系列指数
51,000853,CSSW丝路,1537.86,1.51,22.84,37608777,190957022038.0,2.13,1542.7,1510.47,1512.95,1515.02,1.13,000853,CSSW丝路,上证系列指数
52,000102,沪投资品,6563.21,1.47,94.84,45114143,101038381978.0,1.67,6597.31,6489.03,6497.14,6468.37,1.13,000102,沪投资品,上证系列指数
53,000979,大宗商品,5929.13,1.47,86.13,103943719,154812950133.0,1.21,5943.79,5873.29,5873.29,5843.0,1.09,000979,大宗商品,上证系列指数
54,000026,180资源,4488.95,1.46,64.76,24922157,56766889786.0,1.7,4533.0,4457.95,4457.95,4424.19,1.17,000026,180资源,上证系列指数
55,000171,新兴成指,1720.38,1.38,23.48,58332921,334419378400.0,3.1,1727.99,1675.33,1692.98,1696.9,1.03,000171,新兴成指,上证系列指数
56,000057,全指成长,3720.34,1.35,49.6,75256163,221679816553.0,1.3,3726.05,3678.48,3678.48,3670.74,1.13,000057,全指成长,上证系列指数
57,000942,内地消费,10835.36,1.33,142.61,27856009,115641785338.0,1.82,10881.08,10686.78,10690.71,10692.75,1.19,000942,内地消费,上证系列指数
58,000146,优势制造,7241.0,1.27,91.11,31329271,72698254533.0,1.69,7258.85,7138.24,7159.14,7149.89,1.01,000146,优势制造,上证系列指数
59,000158,上证环保,1234.48,1.24,15.11,23596965,36802351943.0,2.58,1242.07,1210.6,1218.11,1219.37,1.12,000158,上证环保,上证系列指数
60,000030,180R成长,2488.38,1.2,29.39,134744611,356986736124.0,1.71,2493.84,2451.74,2451.74,2458.99,1.13,000030,180R成长,上证系列指数
61,000075,医药等权,7887.9,1.16,90.24,10102512,44936006531.0,1.99,7943.94,7788.9,7807.29,7797.66,1.04,000075,医药等权,上证系列指数
62,000035,上证可选,3022.8,1.16,34.57,21845593,49700012912.0,1.81,3050.41,2996.19,2996.5,2988.23,0.9,000035,上证可选,上证系列指数
63,000949,中证农业,5636.96,1.15,64.32,12864290,18168983181.0,1.85,5670.15,5567.14,5568.16,5572.64,0.85,000949,中证农业,上证系列指数
64,000856,500工业,6587.76,1.15,75.02,55600817,105514109533.0,1.92,6646.15,6521.18,6545.68,6512.74,1.0,000856,500工业,上证系列指数
65,000689,科创材料,1071.89,1.15,12.16,6488429,22271335181.0,3.07,1076.23,1043.65,1062.37,1059.73,1.0,000689,科创材料,上证系列指数
66,000964,中证新兴,10467.97,1.1,113.42,114267561,484099845272.0,2.87,10528.88,10231.94,10289.98,10354.55,1.0,000964,中证新兴,上证系列指数
67,000857,500医药,11474.46,1.1,124.46,10585456,29522786880.0,1.9,11565.27,11349.24,11354.01,11350.0,0.83,000857,500医药,上证系列指数
68,000969,300非周,5203.06,1.03,53.16,176832569,593070246643.0,2.1,5223.15,5115.25,5127.68,5149.9,1.09,000969,300非周,上证系列指数
69,000867,港中小企,2853.5,1.02,28.74,55203575,56800778173.6,1.53,2877.87,2834.66,2835.71,2824.76,1.14,000867,港中小企,上证系列指数
70,000121,医药主题,9081.92,1.01,90.81,10537657,45683488746.0,1.72,9135.53,8980.77,9002.94,8991.11,0.99,000121,医药主题,上证系列指数
71,000059,全R成长,3247.63,0.98,31.62,250738812,606756280337.0,1.46,3252.68,3205.75,3210.28,3216.01,0.98,000059,全R成长,上证系列指数
72,000064,非周期,3614.93,0.96,34.46,101595315,298729858418.0,1.58,3621.94,3565.19,3566.66,3580.47,1.05,000064,非周期,上证系列指数
73,000106,380工业,5399.8,0.94,50.16,37682827,64957648779.0,1.48,5421.44,5342.39,5360.52,5349.64,1.03,000106,380工业,上证系列指数
74,000855,央视500,1582.47,0.91,14.26,442285167,1087099184784.0,1.42,1588.87,1566.53,1567.66,1568.21,1.08,000855,央视500,上证系列指数
75,000021,180治理,1058.83,0.86,8.99,120506264,189908649139.0,1.39,1067.46,1052.86,1052.86,1049.84,1.3,000021,180治理,上证系列指数
76,000093,180分层,12157.55,0.85,102.06,228451220,452924580547.0,1.04,12200.08,12074.67,12074.67,12055.49,1.18,000093,180分层,上证系列指数
77,000510,中证A500,5372.76,0.84,44.88,472222366,1092272391364.6,1.6,5399.82,5314.52,5324.09,5327.88,1.03,000510,中证A500,上证系列指数
78,000849,300非银,11355.21,0.83,93.73,40759514,88007683805.0,1.97,11515.0,11293.33,11316.18,11261.48,1.11,000849,300非银,上证系列指数
79,000049,上证民企,1977.56,0.83,16.25,35917716,132634328881.0,2.08,1984.43,1943.61,1949.87,1961.31,0.86,000049,上证民企,上证系列指数
80,000078,电信等权,3445.34,0.83,28.47,18247693,31157094426.0,1.57,3459.3,3405.57,3417.26,3416.87,0.76,000078,电信等权,上证系列指数
81,000148,消费领先,10152.41,0.81,81.74,81703043,204205433573.0,1.43,10176.83,10033.3,10033.3,10070.67,1.07,000148,消费领先,上证系列指数
82,000978,医药100,11821.73,0.8,94.03,22421829,77073357827.0,1.58,11903.85,11718.51,11728.79,11727.7,0.93,000978,医药100,上证系列指数
83,000161,沪中国造,1687.77,0.79,13.19,56990056,139799158200.0,1.55,1692.5,1666.58,1677.16,1674.58,0.91,000161,沪中国造,上证系列指数
84,000959,银河99,7819.92,0.79,60.97,125508610,447346999212.0,1.51,7877.56,7760.28,7760.92,7758.95,1.3,000959,银河99,上证系列指数
85,000828,300高贝,2956.91,0.76,22.41,77950849,412518333488.0,2.06,2978.86,2918.43,2929.74,2934.5,1.07,000828,300高贝,上证系列指数
86,000108,380消费,12818.5,0.75,95.15,3980117,7473930140.0,1.54,12928.65,12733.28,12733.28,12723.35,0.87,000108,380消费,上证系列指数
87,000300,沪深300,4496.76,0.74,32.98,351938947,831194066157.9,1.44,4516.84,4452.36,4455.8,4463.78,1.14,000300,沪深300,上证系列指数
88,000019,治理指数,1208.37,0.73,8.72,161839661,253469512261.0,1.19,1217.01,1202.68,1202.68,1199.65,1.19,000019,治理指数,上证系列指数
89,000980,中证超大,3357.97,0.73,24.3,87709915,254493321354.0,1.36,3371.55,3326.05,3326.79,3333.67,1.38,000980,中证超大,上证系列指数
90,000903,中证A100,4264.38,0.72,30.67,160602341,447728826794.4,1.76,4285.57,4210.97,4215.12,4233.71,1.1,000903,中证A100,上证系列指数
91,000073,可选等权,3441.89,0.68,23.21,21845593,49700012912.0,1.82,3466.42,3404.32,3420.19,3418.68,0.9,000073,可选等权,上证系列指数
92,000904,中证200,5417.86,0.67,35.92,185245398,382077859468.0,1.28,5437.13,5368.03,5385.34,5381.94,1.02,000904,中证200,上证系列指数
93,000906,中证800,4923.87,0.67,32.57,632854761,1354235500142.8,1.34,4946.39,4880.97,4888.51,4891.3,1.03,000906,中证800,上证系列指数
94,000010,上证180,9857.33,0.67,65.3,228451220,452924580547.0,1.11,9883.32,9774.91,9774.91,9792.03,1.18,000010,上证180,上证系列指数
95,000846,ESG 100,1389.52,0.67,9.26,140474286,279605844435.0,1.12,1397.11,1381.69,1382.76,1380.26,1.23,000846,ESG 100,上证系列指数
96,000065,上证龙头,3596.24,0.63,22.34,135098241,249053134264.0,0.82,3606.52,3577.32,3579.54,3573.9,1.07,000065,上证龙头,上证系列指数
97,000004,工业指数,3450.75,0.62,21.19,440982751,915074808767.2,1.13,3455.46,3416.54,3426.04,3429.56,0.89,000004,工业指数,上证系列指数
98,000970,ESG 40,1781.14,0.6,10.7,57699872,83212083644.0,1.26,1797.43,1775.21,1775.3,1770.44,1.21,000970,ESG 40,上证系列指数
99,000097,高端装备,10562.14,0.6,62.8,41630968,214061378499.0,2.12,10576.56,10353.75,10431.4,10499.34,0.99,000097,高端装备,上证系列指数
100,000125,180稳定,11808.62,0.6,69.86,123918285,154978893330.0,1.18,11905.75,11767.58,11767.58,11738.76,1.4,000125,180稳定,上证系列指数
101,000109,380医药,11258.7,0.59,66.24,6589370,19057119557.0,1.32,11331.07,11183.69,11239.26,11192.46,0.93,000109,380医药,上证系列指数
102,000907,中证700,6155.73,0.57,34.63,466161212,905119293351.0,1.22,6181.84,6107.31,6131.51,6121.1,0.97,000907,中证700,上证系列指数
103,000891,新兴综指,1802.9,0.56,9.97,629458358,1608584021401.0,2.16,1813.09,1774.39,1789.96,1792.93,0.89,000891,新兴综指,上证系列指数
104,000003,Ｂ股指数,265.88,0.55,1.46,637756,260136251.0,0.95,267.21,264.71,264.81,264.42,0.55,000003,Ｂ股指数,上证系列指数
105,000155,市值百强,3239.56,0.55,17.8,158337870,378547950522.0,1.06,3251.03,3216.93,3216.93,3221.76,1.23,000155,市值百强,上证系列指数
106,000806,消费服务,9145.57,0.54,49.35,91389054,249160027737.0,1.27,9176.88,9061.05,9063.5,9096.22,1.13,000806,消费服务,上证系列指数
107,000966,基本400,8253.18,0.54,43.98,230293957,443004123860.0,0.97,8300.23,8220.4,8228.59,8209.2,0.93,000966,基本400,上证系列指数
108,000016,上证50,2976.47,0.53,15.74,84761466,226530507719.0,1.15,2989.0,2954.93,2954.93,2960.73,1.23,000016,上证50,上证系列指数
109,000971,等权90,3215.96,0.52,16.61,149276087,507740484899.0,1.61,3232.17,3180.79,3189.4,3199.35,1.15,000971,等权90,上证系列指数
110,000984,300等权,4547.77,0.51,23.3,351938947,831194066111.0,1.06,4566.93,4518.77,4523.3,4524.47,1.14,000984,300等权,上证系列指数
111,000114,持续产业,1192.1,0.49,5.82,22209348,31924997668.0,1.01,1196.23,1184.23,1186.35,1186.28,1.08,000114,持续产业,上证系列指数
112,000044,上证中盘,4521.37,0.48,21.76,143689754,226394072828.0,0.89,4542.92,4503.07,4503.75,4499.61,1.16,000044,上证中盘,上证系列指数
113,000137,380高贝,5741.31,0.48,27.17,23999515,96073369086.0,2.25,5767.43,5639.12,5731.01,5714.14,1.02,000137,380高贝,上证系列指数
114,000905,中证500,7043.94,0.47,32.78,280915814,523041433984.9,1.26,7078.92,6990.75,7030.27,7011.16,0.93,000905,中证500,上证系列指数
115,000051,180等权,9137.39,0.45,41.18,228451220,452924580547.0,0.84,9174.78,9098.41,9098.59,9096.21,1.18,000051,180等权,上证系列指数
116,000047,上证全指,3864.11,0.45,17.32,405965989,748354231997.0,0.77,3874.88,3845.42,3845.42,3846.79,1.05,000047,上证全指,上证系列指数
117,000054,上证海外,1531.81,0.45,6.92,94898107,147399078869.0,1.55,1549.82,1526.25,1526.35,1524.89,1.22,000054,上证海外,上证系列指数
118,000120,380R价值,9308.43,0.44,40.46,124655719,186214477094.0,0.72,9341.79,9275.07,9296.11,9267.97,0.99,000120,380R价值,上证系列指数
119,000135,180高贝,6260.4,0.42,26.33,46478237,225035204656.0,1.2,6296.5,6221.62,6231.41,6234.07,1.06,000135,180高贝,上证系列指数
120,000132,上证100,5886.8,0.41,24.11,19453946,62769134173.0,1.2,5897.85,5827.55,5868.85,5862.69,0.95,000132,上证100,上证系列指数
121,000123,180动态,6961.93,0.41,28.54,103018253,294349635078.0,1.35,6984.62,6890.75,6898.02,6933.39,1.0,000123,180动态,上证系列指数
122,000131,上证高新,4040.83,0.4,16.07,9570598,83100328225.0,3.56,4068.0,3924.8,4007.1,4024.76,0.86,000131,上证高新,上证系列指数
123,000056,上证国企,1200.06,0.4,4.78,100922561,161755964049.0,1.17,1212.25,1198.22,1198.22,1195.28,1.3,000056,上证国企,上证系列指数
124,000067,上证新兴,8496.22,0.4,33.79,47964730,211859628133.0,1.65,8514.99,8375.64,8409.57,8462.43,0.99,000067,上证新兴,上证系列指数
125,000099,上证F300,8825.61,0.39,33.9,132342778,250125364470.0,0.77,8860.82,8793.2,8799.75,8791.71,0.95,000099,上证F300,上证系列指数
126,000046,上证中小,5022.44,0.38,19.25,321204523,521823724278.0,0.81,5038.67,4998.14,5007.82,5003.19,1.01,000046,上证中小,上证系列指数
127,000989,全指可选,5575.98,0.37,20.47,50928673,126889837828.1,2.08,5631.41,5516.02,5529.86,5555.51,0.94,000989,全指可选,上证系列指数
128,000002,Ａ股指数,4043.81,0.37,14.76,738493468,1219090539756.0,0.74,4054.14,4024.37,4028.24,4029.05,0.93,000002,Ａ股指数,上证系列指数
129,000001,上证指数,3857.93,0.37,14.33,739462366,1221691851556.0,0.74,3867.61,3839.21,3842.82,3843.6,0.93,000001,上证指数,上证系列指数
130,000888,上证综合全收益,4390.49,0.37,16.32,739462366,1221691851556.0,0.74,4401.5,4369.18,4373.3,4374.17,0.93,000888,上证综合全收益,上证系列指数
131,000017,新综指,3260.76,0.37,12.11,726316439,1203479461752.0,0.74,3268.93,3244.91,3247.99,3248.65,0.93,000017,新综指,上证系列指数
132,000902,中证流通,6081.61,0.36,21.7,1614301900,2786669327141.0,1.21,6113.45,6040.37,6058.74,6059.91,0.9,000902,中证流通,上证系列指数
133,000048,责任指数,1473.22,0.36,5.23,66825329,119967612892.0,1.5,1493.9,1471.91,1472.68,1467.99,1.26,000048,责任指数,上证系列指数
134,000052,50基本,2955.14,0.36,10.46,84761466,226530507719.0,1.57,2995.86,2949.56,2951.66,2944.68,1.23,000052,50基本,上证系列指数
135,000142,380稳定,9432.13,0.36,33.85,72891419,90092530277.0,0.63,9458.87,9399.77,9415.12,9398.28,0.99,000142,380稳定,上证系列指数
136,000985,中证全指,5723.95,0.36,20.4,1586925830,2766916551260.0,1.21,5753.83,5684.97,5702.45,5703.55,0.9,000985,中证全指,上证系列指数
137,000055,上证地企,1559.86,0.35,5.38,77983214,129717320581.0,1.13,1576.9,1559.39,1559.58,1554.48,1.03,000055,上证地企,上证系列指数
138,000115,380等权,8424.36,0.34,28.26,142327989,259495505023.0,1.02,8456.27,8370.99,8415.45,8396.1,0.98,000115,380等权,上证系列指数
139,000159,沪股通,3583.43,0.34,12.01,634737193,1070159658073.0,0.75,3594.4,3567.65,3571.53,3571.42,0.95,000159,沪股通,上证系列指数
140,000687,科创高装,1265.9,0.31,3.87,6653152,29738148396.0,2.19,1268.7,1241.04,1259.33,1262.03,0.94,000687,科创高装,上证系列指数
141,000090,上证流通,1411.53,0.31,4.38,726316439,1203479461752.0,0.76,1415.92,1405.25,1407.14,1407.15,0.93,000090,上证流通,上证系列指数
142,000009,上证380,6385.03,0.3,19.01,142327989,259495505023.0,1.01,6404.88,6340.74,6378.89,6366.02,0.98,000009,上证380,上证系列指数
143,000136,180低贝,12306.63,0.3,36.64,97538628,95184554825.0,1.36,12457.74,12290.42,12291.02,12269.99,1.42,000136,180低贝,上证系列指数
144,000802,500沪市,7271.45,0.3,21.42,142069422,214742322968.0,0.95,7293.36,7224.19,7260.36,7250.03,0.9,000802,500沪市,上证系列指数
145,000982,500等权,8587.43,0.28,24.11,280915814,523041433984.9,1.06,8632.58,8542.03,8583.05,8563.32,0.93,000982,500等权,上证系列指数
146,000045,上证小盘,5570.15,0.27,15.1,177514769,295429651450.0,1.03,5583.42,5526.42,5560.24,5555.05,0.91,000045,上证小盘,上证系列指数
147,000141,380动态,3864.76,0.26,10.06,68865568,166540327222.0,1.49,3879.04,3821.52,3863.47,3854.7,0.97,000141,380动态,上证系列指数
148,000691,科创ESG,1393.12,0.25,3.5,8284440,60186639729.0,3.09,1397.69,1354.79,1378.71,1389.62,0.9,000691,科创ESG,上证系列指数
149,000697,科大湾区,1318.49,0.22,2.86,6563329,30718205414.0,2.15,1325.32,1297.05,1321.76,1315.63,0.88,000697,科大湾区,上证系列指数
150,000911,300可选,6586.65,0.22,14.5,14234562,65706004985.0,2.59,6677.09,6507.04,6525.63,6572.15,1.39,000911,300可选,上证系列指数
151,000050,50等权,2355.93,0.22,5.18,84761466,226530507719.0,0.96,2363.5,2340.95,2342.81,2350.75,1.23,000050,50等权,上证系列指数
152,000952,300地产,2855.18,0.22,6.26,6511167,4717503406.0,1.5,2893.44,2850.7,2880.05,2848.92,0.79,000952,300地产,上证系列指数
153,000072,工业等权,2904.7,0.21,6.17,60083426,64654341754.0,0.89,2917.14,2891.47,2900.77,2898.53,1.25,000072,工业等权,上证系列指数
154,000170,50AH优选,6043.76,0.21,12.55,56468062,175938685064.4,1.09,6094.58,6028.7,6030.64,6031.21,1.17,000170,50AH优选,上证系列指数
155,000967,基本600,6340.76,0.21,13.44,532165824,885602368736.0,1.05,6397.25,6330.55,6332.9,6327.32,1.05,000967,基本600,上证系列指数
156,000053,180基本,12455.32,0.18,21.83,228451220,452924580547.0,1.42,12620.48,12443.7,12457.94,12433.49,1.18,000053,180基本,上证系列指数
157,000119,380R成长,4278.24,0.17,7.44,89117958,221961152485.0,1.38,4290.42,4231.47,4275.52,4270.8,0.95,000119,380R成长,上证系列指数
158,000901,小康指数,6240.08,0.15,9.4,157685120,179731223224.0,1.47,6331.98,6240.08,6252.51,6230.68,1.29,000901,小康指数,上证系列指数
159,000130,380波动,13184.89,0.15,19.88,46006402,38254594445.0,0.85,13262.0,13150.06,13179.62,13165.01,1.07,000130,380波动,上证系列指数
160,000063,上证周期,3855.27,0.13,4.86,93472731,140808754539.0,1.7,3920.73,3855.18,3859.11,3850.41,1.34,000063,上证周期,上证系列指数
161,000693,科创机械,1349.17,0.12,1.55,5042890,19467440016.0,2.36,1359.5,1327.75,1350.36,1347.62,0.91,000693,科创机械,上证系列指数
162,000128,380基本,8779.04,0.12,10.11,142327989,259495505023.0,0.74,8816.1,8751.34,8785.09,8768.93,0.98,000128,380基本,上证系列指数
163,000100,上证F500,6127.31,0.11,6.88,393283594,586477512339.0,1.24,6195.8,6119.79,6132.43,6120.43,1.06,000100,上证F500,上证系列指数
164,000926,中证央企,2329.36,0.11,2.49,276211307,377351213208.0,1.09,2346.07,2320.71,2327.98,2326.87,1.04,000926,中证央企,上证系列指数
165,000965,基本200,5537.19,0.1,5.66,301871867,442598244876.0,1.23,5599.34,5531.57,5533.62,5531.53,1.17,000965,基本200,上证系列指数
166,000005,商业指数,2976.22,0.1,3.07,62260258,69410586279.4,1.31,3003.25,2964.45,2977.66,2973.15,0.93,000005,商业指数,上证系列指数
167,000011,基金指数,7102.09,0.09,6.08,1572060617,403505048357.0,0.2,7103.81,7089.61,7092.91,7096.01,0.98,000011,基金指数,上证系列指数
168,000118,380价值,9699.02,0.07,6.43,59999372,49066512516.0,0.94,9770.46,9678.99,9714.82,9692.59,1.0,000118,380价值,上证系列指数
169,000936,800通信,8851.77,0.07,6.03,48915761,130092625858.0,2.71,8948.65,8709.31,8797.47,8845.74,0.97,000936,800通信,上证系列指数
170,000008,综合指数,3574.48,0.06,1.98,144430618,177290709202.8,1.69,3629.9,3569.57,3574.68,3572.5,1.01,000008,综合指数,上证系列指数
171,000098,上证F200,5447.43,0.06,3.28,260940816,336352147869.0,1.41,5519.57,5442.9,5455.93,5444.15,1.13,000098,上证F200,上证系列指数
172,000034,上证工业,2196.48,0.06,1.3,60083426,64654341754.0,1.06,2212.19,2189.0,2197.19,2195.18,1.25,000034,上证工业,上证系列指数
173,000150,380红利,11818.19,0.06,7.55,11342808,7676006912.0,0.71,11878.85,11795.34,11822.29,11810.64,1.0,000150,380红利,上证系列指数
174,000160,沪新丝路,1959.79,0.05,0.94,94284424,81666150785.0,1.18,1980.64,1957.43,1965.84,1958.85,1.05,000160,沪新丝路,上证系列指数
175,000091,沪财中小,14299.56,0.05,7.16,40358696,69809142277.0,1.26,14364.72,14184.59,14281.94,14292.4,0.89,000091,沪财中小,上证系列指数
176,000699,科创200,1283.24,0.04,0.55,20450881,80368736334.0,1.98,1285.24,1259.87,1284.1,1282.69,0.95,000699,科创200,上证系列指数
177,000931,800可选,6135.95,0.02,1.31,34456315,98890651467.0,2.0,6202.23,6079.47,6099.29,6134.64,0.99,000931,800可选,上证系列指数
178,000916,300通信,5033.07,0.02,0.78,16775238,86508702873.0,3.67,5108.44,4923.57,4985.88,5032.29,0.77,000916,300通信,上证系列指数
179,000948,内地地产,2782.12,0.02,0.64,13324351,14485679828.0,2.1,2838.08,2779.76,2821.36,2781.48,0.83,000948,内地地产,上证系列指数
180,000133,上证150,6419.94,0.02,1.55,23650692,56201048468.0,1.72,6440.7,6330.51,6419.76,6418.39,0.82,000133,上证150,上证系列指数
181,000061,沪企债30,178.06,0.02,0.03,3811,3807962.0,0.01,178.06,178.04,178.04,178.03,0.12,000061,沪企债30,上证系列指数
182,000013,企债指数,300.59,0.01,0.02,2948690,2984329739.0,0.0,300.59,300.59,300.59,300.57,0.51,000013,企债指数,上证系列指数
183,000113,380公用,2757.63,0.01,0.41,14158416,7197951649.0,1.5,2780.22,2738.78,2766.98,2757.22,0.89,000113,380公用,上证系列指数
184,000116,信用100,198.46,0.01,0.02,36400,36400865.0,0.01,198.46,198.45,198.45,198.44,0.22,000116,信用100,上证系列指数
185,000923,公司债指,252.6,0.01,0.02,2929790,2965285283.0,0.0,252.6,252.6,252.6,252.58,0.52,000923,公司债指,上证系列指数
186,000006,地产指数,4637.72,0.01,0.4,17471028,10563998153.8,2.56,4749.28,4630.58,4690.92,4637.32,1.37,000006,地产指数,上证系列指数
187,000101,5年信用,249.73,0.0,0.01,166206,166846031.0,0.0,249.74,249.73,249.73,249.72,1.11,000101,5年信用,上证系列指数
188,000917,300公用,2528.69,0.0,-0.08,19163170,14621900856.0,1.31,2560.96,2527.73,2530.65,2528.77,1.63,000917,300公用,上证系列指数
189,000022,沪公司债,252.02,0.0,0.01,182690,183121488.0,0.0,252.03,252.02,252.03,252.01,0.25,000022,沪公司债,上证系列指数
190,000847,腾讯济安,3449.12,-0.01,-0.48,62642858,143335124039.0,1.02,3474.96,3439.81,3457.09,3449.6,1.24,000847,腾讯济安,上证系列指数
191,000925,基本面50,4739.58,-0.01,-0.36,113076801,182458929212.0,1.4,4802.75,4736.24,4736.9,4739.94,1.28,000925,基本面50,上证系列指数
192,000117,380成长,4232.05,-0.02,-0.9,24461611,84813187907.0,1.42,4242.52,4182.32,4229.35,4232.95,0.9,000117,380成长,上证系列指数
193,000012,国债指数,225.06,-0.02,-0.05,18618135,18775854309.0,0.05,225.13,225.02,225.12,225.11,0.82,000012,国债指数,上证系列指数
194,000060,全R价值,4410.31,-0.03,-1.43,358783037,561932693893.0,1.33,4461.96,4403.35,4415.86,4411.74,1.06,000060,全R价值,上证系列指数
195,000107,380可选,5664.87,-0.05,-2.58,8563689,19539111625.0,1.64,5698.33,5605.49,5659.89,5667.45,0.85,000107,380可选,上证系列指数
196,000914,300金融,6863.95,-0.07,-4.77,100023248,137968599507.8,1.9,6988.4,6858.02,6882.15,6868.72,1.2,000914,300金融,上证系列指数
197,000076,金融等权,5816.97,-0.08,-4.49,58550287,74973354272.0,2.44,5959.23,5816.97,5842.43,5821.46,1.42,000076,金融等权,上证系列指数
198,000122,农业主题,1610.09,-0.08,-1.35,6093958,6196891200.0,0.99,1624.39,1608.44,1610.84,1611.44,0.83,000122,农业主题,上证系列指数
199,000922,中证红利,5538.04,-0.11,-6.15,93920439,92197299868.0,1.1,5593.06,5532.01,5538.04,5544.19,1.43,000922,中证红利,上证系列指数
200,000852,中证1000,7438.68,-0.11,-8.43,327640881,565058625663.1,1.29,7477.2,7380.83,7449.86,7447.11,0.86,000852,中证1000,上证系列指数
201,000025,180基建,1853.28,-0.11,-1.95,51483410,39379147675.0,1.42,1878.53,1852.26,1857.56,1855.23,1.27,000025,180基建,上证系列指数
202,000934,中证金融,6448.71,-0.12,-7.56,148725680,182356139702.5,1.83,6561.08,6443.19,6471.55,6456.27,1.06,000934,中证金融,上证系列指数
203,000974,800金融,7221.44,-0.12,-8.92,135401330,167870459864.0,1.87,7349.86,7214.98,7243.84,7230.36,1.09,000974,800金融,上证系列指数
204,000927,央企100,1993.85,-0.13,-2.54,140601822,178831011652.0,1.37,2017.15,1989.8,1996.17,1996.39,1.21,000927,央企100,上证系列指数
205,000860,结构调整,1218.09,-0.13,-1.56,104011555,151601731573.0,1.31,1226.27,1210.26,1217.25,1219.65,1.13,000860,结构调整,上证系列指数
206,000825,央企红利,3433.27,-0.13,-4.32,71166302,68662840656.0,1.61,3477.65,3422.15,3447.26,3437.59,1.32,000825,央企红利,上证系列指数
207,000994,全指通信,10146.8,-0.13,-12.79,69469664,157412128786.0,2.29,10251.05,10018.35,10115.45,10159.59,0.85,000994,全指通信,上证系列指数
208,000998,中证TMT,2834.15,-0.15,-4.27,95395417,432710242824.0,2.18,2847.67,2785.8,2829.02,2838.42,0.85,000998,中证TMT,上证系列指数
209,000992,全指金融,6158.57,-0.15,-9.04,172264855,201188861217.0,1.8,6264.93,6153.95,6183.04,6167.61,1.06,000992,全指金融,上证系列指数
210,000031,180R价值,3261.04,-0.19,-6.05,190492686,284271913341.0,1.55,3310.14,3259.37,3269.98,3267.09,1.21,000031,180R价值,上证系列指数
211,000095,上证中游,3652.05,-0.19,-6.86,144155256,350755170128.0,1.49,3657.68,3603.07,3631.17,3658.91,1.05,000095,上证中游,上证系列指数
212,000129,180波动,15260.7,-0.19,-29.41,159536119,167376345603.0,1.53,15494.11,15260.7,15323.95,15290.11,1.25,000129,180波动,上证系列指数
213,000079,公用等权,2432.37,-0.2,-4.82,30451607,20749965092.0,1.61,2464.35,2425.04,2442.42,2437.19,1.16,000079,公用等权,上证系列指数
214,000038,上证金融,5931.04,-0.2,-11.85,60119500,76067186965.0,2.18,6060.47,5931.04,5954.82,5942.89,1.41,000038,上证金融,上证系列指数
215,000042,上证央企,1814.16,-0.2,-3.68,104354641,136037654118.0,1.48,1838.02,1811.1,1816.1,1817.84,1.28,000042,上证央企,上证系列指数
216,000698,科创100,1384.39,-0.21,-2.97,13283720,66787477468.0,2.32,1389.19,1356.97,1386.08,1387.36,0.92,000698,科创100,上证系列指数
217,000824,国企红利,2133.34,-0.22,-4.81,89782323,81423888234.0,1.22,2157.32,2131.24,2136.58,2138.15,1.39,000824,国企红利,上证系列指数
218,000040,上证电信,4033.78,-0.22,-8.85,18247693,31157094426.0,0.76,4045.71,4014.86,4043.99,4042.63,0.76,000040,上证电信,上证系列指数
219,000007,公用指数,4693.72,-0.22,-10.34,74317711,49351749152.6,1.36,4754.48,4690.38,4706.78,4704.06,0.97,000007,公用指数,上证系列指数
220,000043,超大盘,2565.95,-0.25,-6.46,35074547,134391966099.0,1.35,2580.59,2545.92,2547.1,2572.41,1.27,000043,超大盘,上证系列指数
221,000928,中证能源,2701.88,-0.25,-6.89,15742889,14445212629.5,1.74,2745.17,2697.91,2709.2,2708.77,1.13,000928,中证能源,上证系列指数
222,000058,全指价值,4637.61,-0.26,-12.21,183300388,176856230109.0,1.79,4720.89,4637.61,4656.96,4649.82,1.21,000058,全指价值,上证系列指数
223,000138,380低贝,7961.23,-0.26,-20.48,36282817,40149148201.0,1.13,8038.46,7948.61,8016.25,7981.71,1.02,000138,380低贝,上证系列指数
224,000018,180金融,5947.64,-0.27,-16.13,70085542,86700516047.0,2.13,6074.63,5947.64,5973.57,5963.77,1.31,000018,180金融,上证系列指数
225,000995,全指公用,2571.23,-0.27,-6.95,39690189,26191072707.0,1.52,2606.95,2567.85,2581.76,2578.18,1.12,000995,全指公用,上证系列指数
226,000139,上证转债,416.71,-0.27,-1.14,28851771,49152127424.0,1.11,421.08,416.44,418.19,417.85,1.0,000139,上证转债,上证系列指数
227,000937,800公用,2485.7,-0.27,-6.83,36790046,23710577461.0,1.61,2522.46,2482.21,2495.17,2492.53,1.18,000937,800公用,上证系列指数
228,000986,全指能源,2171.38,-0.3,-6.49,22103447,17846870238.0,1.54,2202.22,2168.59,2177.47,2177.87,0.95,000986,全指能源,上证系列指数
229,000820,煤炭指数,4008.91,-0.31,-12.57,11581807,8697428446.0,1.45,4059.44,4001.11,4017.79,4021.48,0.71,000820,煤炭指数,上证系列指数
230,000908,300能源,2158.57,-0.31,-6.71,8186987,10399134579.0,1.87,2196.85,2156.31,2166.8,2165.28,1.25,000908,300能源,上证系列指数
231,000041,上证公用,2503.93,-0.33,-8.41,30451607,20749965092.0,1.68,2542.58,2500.45,2516.29,2512.34,1.16,000041,上证公用,上证系列指数
232,000032,上证能源,1824.02,-0.33,-6.07,17017813,14491448306.0,1.75,1853.88,1821.78,1830.42,1830.09,1.02,000032,上证能源,上证系列指数
233,000153,上民红利,3105.2,-0.34,-10.54,8136274,6990529002.0,0.8,3123.74,3098.91,3117.6,3115.74,1.05,000153,上民红利,上证系列指数
234,000832,中证转债,476.11,-0.36,-1.73,52091192,87875904852.0,1.27,481.87,475.82,478.13,477.84,0.9,000832,中证转债,上证系列指数
235,000112,380电信,5891.39,-0.38,-22.67,6276835,20347994157.0,1.84,5958.51,5849.81,5941.9,5914.06,0.98,000112,380电信,上证系列指数
236,000029,180价值,4442.75,-0.4,-17.91,111658054,113922846596.0,2.06,4534.66,4442.75,4466.3,4460.66,1.35,000029,180价值,上证系列指数
237,000695,科长三角,1000.33,-0.41,-4.16,11220247,53124654935.0,2.79,1001.82,973.83,998.27,1004.49,0.97,000695,科长三角,上证系列指数
238,000104,380能源,1286.09,-0.41,-5.27,4802897,3362107168.0,1.21,1299.63,1283.96,1289.44,1291.36,0.83,000104,380能源,上证系列指数
239,000110,380金融,4435.09,-0.42,-18.69,13562431,12818105683.0,1.53,4493.18,4424.91,4466.26,4453.78,0.86,000110,380金融,上证系列指数
240,000062,上证沪企,2125.27,-0.42,-8.91,38852886,79277996050.0,1.22,2142.88,2116.89,2134.61,2134.18,1.09,000062,上证沪企,上证系列指数
241,000919,300价值,5245.75,-0.5,-26.37,168066323,184045645259.0,1.72,5336.16,5245.68,5266.6,5272.12,1.24,000919,300价值,上证系列指数
242,000152,上央红利,2865.51,-0.51,-14.71,59420268,49332629950.0,1.55,2906.13,2861.55,2874.52,2880.22,1.41,000152,上央红利,上证系列指数
243,000858,500信息,9822.66,-0.54,-53.48,41175923,169666333207.0,2.16,9904.53,9691.64,9875.69,9876.14,0.85,000858,500信息,上证系列指数
244,000851,百发100,18991.42,-0.55,-105.68,46340844,74165915728.0,1.15,19135.74,18915.98,19109.87,19097.1,1.08,000851,百发100,上证系列指数
245,000070,能源等权,2585.82,-0.57,-14.84,17017813,14491448306.0,1.57,2622.11,2581.33,2596.98,2600.66,1.02,000070,能源等权,上证系列指数
246,000865,上海国企,1501.35,-0.59,-8.96,32070774,53778187691.0,1.47,1522.03,1499.84,1516.73,1510.31,1.02,000865,上海国企,上证系列指数
247,000162,沪互联+,3778.61,-0.69,-26.27,33175105,95399219815.0,1.27,3806.59,3758.35,3802.06,3804.88,0.89,000162,沪互联+,上证系列指数
248,000015,红利指数,3060.59,-0.69,-21.22,56201636,46024590065.0,1.38,3103.24,3060.59,3076.2,3081.81,1.42,000015,红利指数,上证系列指数
249,000993,全指信息,8211.51,-0.74,-61.1,107169792,437308249448.8,2.13,8236.5,8060.04,8204.95,8272.61,0.84,000993,全指信息,上证系列指数
250,000690,科创成长,1728.08,-0.79,-13.78,6889834,85895826746.0,2.87,1733.36,1683.34,1712.81,1741.86,0.92,000690,科创成长,上证系列指数
251,000869,HK银行,3955.23,-0.8,-31.7,10006887,8489847285.2,1.88,4027.76,3952.82,3991.96,3986.93,0.99,000869,HK银行,上证系列指数
252,000935,中证信息,6199.56,-0.8,-49.79,91341031,396317944423.9,2.19,6218.85,6081.7,6188.43,6249.35,0.87,000935,中证信息,上证系列指数
253,000821,300红利,6686.18,-0.81,-54.56,87116701,102674911631.0,1.79,6806.75,6686.18,6725.42,6740.74,1.5,000821,300红利,上证系列指数
254,000020,中型综指,1669.42,-0.86,-14.52,113433214,317149434602.0,1.64,1678.41,1650.73,1671.23,1683.94,0.89,000020,中型综指,上证系列指数
255,000134,上证银行,1059.36,-0.89,-9.47,53004106,43503489175.0,2.24,1083.25,1059.36,1067.91,1068.83,1.39,000134,上证银行,上证系列指数
256,000680,科创综指,1603.09,-0.89,-14.37,62032377,303558670461.0,2.11,1610.38,1576.19,1603.05,1617.46,0.94,000680,科创综指,上证系列指数
257,000681,科创价格,1548.5,-0.89,-13.9,62032377,303558670461.0,2.11,1555.55,1522.52,1548.47,1562.4,0.94,000681,科创价格,上证系列指数
258,000149,180红利,4028.2,-0.9,-36.65,69126339,65180966438.0,2.15,4115.68,4028.2,4060.76,4064.85,1.6,000149,180红利,上证系列指数
259,000915,300信息,3195.46,-0.93,-30.1,50165107,226651611185.0,2.57,3207.14,3124.22,3177.4,3225.56,0.88,000915,300信息,上证系列指数
260,000151,上国红利,1534.79,-0.93,-14.47,42926686,35487966224.0,1.56,1558.91,1534.79,1544.64,1549.26,1.42,000151,上国红利,上证系列指数
261,000111,380信息,9983.79,-1.22,-123.21,12973858,53789130803.0,2.49,10087.53,9836.14,10087.53,10107.0,0.85,000111,380信息,上证系列指数
262,000027,180运输,754.47,-1.33,-10.14,13009728,11346947576.0,1.62,766.85,754.47,761.88,764.61,1.52,000027,180运输,上证系列指数
263,000039,上证信息,5325.21,-1.41,-76.32,25268929,171336366901.0,2.57,5338.03,5199.28,5297.64,5401.53,0.81,000039,上证信息,上证系列指数
264,000688,科创50,1341.31,-1.71,-23.29,15616830,111147793261.0,2.35,1346.76,1314.74,1335.65,1364.6,0.96,000688,科创50,上证系列指数
265,000077,信息等权,5759.37,-1.73,-101.6,25268929,171336366901.0,2.34,5799.26,5661.9,5799.26,5860.97,0.81,000077,信息等权,上证系列指数
266,000945,内地运输,1471.64,-2.19,-32.93,25594242,25428979152.0,2.03,1500.19,1469.61,1499.8,1504.57,1.41,000945,内地运输,上证系列指数
267,000682,科创信息,1911.73,-2.38,-46.6,13991065,118633053687.0,2.77,1923.77,1869.56,1914.74,1958.33,0.92,000682,科创信息,上证系列指数
268,000685,科创芯片,2428.43,-3.09,-77.43,9078018,106534081827.0,2.88,2445.64,2373.45,2444.54,2505.86,0.79,000685,科创芯片,上证系列指数
