,成交时间,成交价格,成交金额,成交量,性质
0,09:25:00,47.99,321533,67,卖盘
1,09:30:00,47.91,277959,58,卖盘
2,09:30:03,47.76,315993,66,卖盘
3,09:30:06,47.72,233470,49,卖盘
4,09:30:09,47.75,42969,9,中性盘
5,09:30:12,47.71,138387,29,卖盘
6,09:30:15,47.65,81070,17,卖盘
7,09:30:18,47.69,9538,2,中性盘
8,09:30:21,47.69,23843,5,买盘
9,09:30:27,47.55,33301,7,卖盘
10,09:30:30,47.6,14280,3,中性盘
11,09:30:33,47.55,42795,9,卖盘
12,09:30:36,47.56,71329,15,买盘
13,09:30:39,47.6,4760,1,中性盘
14,09:30:42,47.65,123795,26,买盘
15,09:30:45,47.69,314500,66,买盘
16,09:30:48,47.71,9542,2,买盘
17,09:30:51,47.76,42978,9,买盘
18,09:30:54,47.67,42920,9,卖盘
19,09:30:57,47.68,19076,4,卖盘
20,09:31:00,47.68,114417,24,卖盘
21,09:31:03,47.76,14328,3,中性盘
22,09:31:09,47.76,28624,6,中性盘
23,09:31:12,47.76,4776,1,买盘
24,09:31:15,47.72,143201,30,卖盘
25,09:31:18,47.76,57312,12,中性盘
26,09:31:21,47.92,189200,40,买盘
27,09:31:24,47.85,157968,33,卖盘
28,09:31:27,47.88,4788,1,中性盘
29,09:31:30,47.83,86140,18,卖盘
30,09:31:33,47.86,4786,1,中性盘
31,09:31:36,47.87,9579,2,卖盘
32,09:31:39,47.89,19154,4,中性盘
33,09:31:42,47.89,4789,1,卖盘
34,09:31:45,48.02,91174,19,买盘
35,09:31:48,47.95,4795,1,中性盘
36,09:31:51,48.1,172815,36,买盘
37,09:31:54,48.11,81577,17,买盘
38,09:31:57,47.98,67177,14,卖盘
39,09:32:00,47.99,9598,2,中性盘
40,09:32:03,47.98,38450,8,卖盘
41,09:32:06,48.07,14407,3,买盘
42,09:32:09,48.0,43196,9,中性盘
43,09:32:12,47.99,28789,6,中性盘
44,09:32:15,47.97,67122,14,中性盘
45,09:32:18,47.8,306535,64,卖盘
46,09:32:21,47.83,62245,13,中性盘
47,09:32:30,47.93,4793,1,买盘
48,09:32:33,47.94,105345,22,买盘
49,09:32:36,48.01,19200,4,买盘
50,09:32:39,47.94,4794,1,中性盘
51,09:32:42,48.0,519113,108,中性盘
52,09:32:48,48.0,9600,2,卖盘
53,09:32:54,48.01,19212,4,中性盘
54,09:32:57,47.97,177525,37,卖盘
55,09:33:00,47.9,110323,23,卖盘
56,09:33:03,47.89,23981,5,中性盘
57,09:33:06,47.8,162512,34,卖盘
58,09:33:12,47.81,19121,4,中性盘
59,09:33:15,47.91,1092971,229,买盘
60,09:33:18,47.84,14364,3,中性盘
61,09:33:21,47.9,4790,1,中性盘
62,09:33:24,47.86,14358,3,中性盘
63,09:33:27,47.86,4786,1,中性盘
64,09:33:33,47.95,9582,2,买盘
65,09:33:36,48.0,479980,100,买盘
66,09:33:42,48.03,4803,1,买盘
67,09:33:45,48.04,4804,1,中性盘
68,09:33:48,48.04,38466,8,卖盘
69,09:33:51,48.05,52885,11,中性盘
70,09:33:54,48.13,9624,2,买盘
71,09:33:57,48.13,33679,7,买盘
72,09:34:00,48.2,260059,54,买盘
73,09:34:03,48.25,19300,4,买盘
74,09:34:06,48.19,43375,9,中性盘
75,09:34:09,48.28,14481,3,买盘
76,09:34:12,48.18,1448252,301,卖盘
77,09:34:15,48.28,38624,8,买盘
78,09:34:18,48.2,33755,7,中性盘
79,09:34:21,48.12,626090,130,卖盘
80,09:34:24,48.19,101147,21,买盘
81,09:34:30,48.19,57831,12,卖盘
82,09:34:33,48.25,410381,85,买盘
83,09:34:36,48.28,348070,72,中性盘
84,09:34:42,48.34,28999,6,买盘
85,09:34:45,48.34,38650,8,买盘
86,09:34:48,48.34,14502,3,买盘
87,09:34:51,48.3,57966,12,中性盘
88,09:34:54,48.36,38676,8,中性盘
89,09:34:57,48.4,188752,39,买盘
90,09:35:00,48.42,77460,16,买盘
91,09:35:03,48.36,169526,35,卖盘
92,09:35:06,48.45,614415,127,中性盘
93,09:35:09,48.45,48465,10,卖盘
94,09:35:12,48.35,522611,108,卖盘
95,09:35:15,48.3,101485,21,卖盘
96,09:35:18,48.3,38646,8,卖盘
97,09:35:21,48.3,57960,12,卖盘
98,09:35:24,48.33,28983,6,买盘
99,09:35:27,48.3,381625,79,卖盘
100,09:35:30,48.31,550701,114,买盘
101,09:35:33,48.3,72492,15,卖盘
102,09:35:36,48.4,33844,7,买盘
103,09:35:39,48.42,106458,22,买盘
104,09:35:42,48.41,43562,9,买盘
105,09:35:45,48.3,43502,9,卖盘
106,09:35:48,48.37,19343,4,中性盘
107,09:35:51,48.32,72469,15,中性盘
108,09:35:54,48.3,91752,19,卖盘
109,09:35:57,48.35,289960,60,买盘
110,09:36:00,48.31,4831,1,卖盘
111,09:36:03,48.3,145036,30,卖盘
112,09:36:06,48.29,14493,3,中性盘
113,09:36:09,48.21,24124,5,中性盘
114,09:36:12,48.29,38628,8,中性盘
115,09:36:15,48.29,149706,31,买盘
116,09:36:18,48.29,9658,2,卖盘
117,09:36:21,48.28,28968,6,买盘
118,09:36:24,48.29,38630,8,中性盘
119,09:36:27,48.29,96586,20,卖盘
120,09:36:30,48.24,33788,7,中性盘
121,09:36:33,48.29,14487,3,买盘
122,09:36:36,48.29,149662,31,买盘
123,09:36:39,48.29,849239,176,买盘
124,09:36:42,48.25,48294,10,卖盘
125,09:36:45,48.2,622145,129,卖盘
126,09:36:48,48.12,67472,14,卖盘
127,09:36:51,48.19,19271,4,中性盘
128,09:36:54,48.11,14433,3,卖盘
129,09:36:57,48.18,154102,32,买盘
130,09:37:00,48.12,14432,3,中性盘
131,09:37:03,48.1,120260,25,卖盘
132,09:37:06,48.05,38441,8,卖盘
133,09:37:09,48.1,144279,30,买盘
134,09:37:12,48.27,274219,57,买盘
135,09:37:15,48.27,53016,11,买盘
136,09:37:18,48.2,4820,1,卖盘
137,09:37:21,48.2,135012,28,卖盘
138,09:37:24,48.21,38568,8,中性盘
139,09:37:27,48.21,14463,3,卖盘
140,09:37:30,48.2,110861,23,卖盘
141,09:37:33,48.2,91573,19,买盘
142,09:37:36,48.18,14448,3,中性盘
143,09:37:39,48.1,38519,8,卖盘
144,09:37:42,48.05,105710,22,卖盘
145,09:37:45,48.11,9622,2,中性盘
146,09:37:48,48.0,144100,30,卖盘
147,09:37:51,48.0,48000,10,卖盘
148,09:37:54,48.0,76734,16,卖盘
149,09:38:00,48.0,148798,31,卖盘
150,09:38:03,48.0,451182,94,买盘
151,09:38:06,48.05,28814,6,买盘
152,09:38:09,48.02,48045,10,中性盘
153,09:38:12,48.08,43272,9,买盘
154,09:38:15,48.11,24051,5,买盘
155,09:38:18,48.11,76955,16,卖盘
156,09:38:21,48.05,14416,3,中性盘
157,09:38:24,48.05,38456,8,卖盘
158,09:38:27,48.12,24066,5,买盘
159,09:38:30,48.18,38547,8,买盘
160,09:38:33,48.2,72300,15,买盘
161,09:38:36,48.23,207285,43,买盘
162,09:38:48,48.29,101300,21,买盘
163,09:38:51,48.25,57900,12,中性盘
164,09:38:54,48.28,48297,10,中性盘
165,09:38:57,48.33,4833,1,买盘
166,09:39:00,48.3,19326,4,中性盘
167,09:39:06,48.35,53166,11,买盘
168,09:39:09,48.31,106296,22,卖盘
169,09:39:12,48.35,9672,2,中性盘
170,09:39:15,48.37,120906,25,买盘
171,09:39:18,48.37,333753,69,卖盘
172,09:39:21,48.37,9674,2,卖盘
173,09:39:24,48.32,154771,32,卖盘
174,09:39:27,48.32,48344,10,卖盘
175,09:39:30,48.33,4833,1,中性盘
176,09:39:33,48.32,48326,10,卖盘
177,09:39:36,48.26,236676,49,卖盘
178,09:39:39,48.12,274933,57,卖盘
179,09:39:45,48.18,24114,5,卖盘
180,09:39:48,48.24,28944,6,买盘
181,09:39:51,48.18,4818,1,卖盘
182,09:39:57,48.28,4828,1,买盘
183,09:40:03,48.19,4819,1,卖盘
184,09:40:06,48.25,4825,1,买盘
185,09:40:09,48.19,24112,5,卖盘
186,09:40:12,48.19,33734,7,卖盘
187,09:40:15,48.19,62673,13,卖盘
188,09:40:18,48.19,96455,20,卖盘
189,09:40:21,48.26,81963,17,买盘
190,09:40:24,48.3,67584,14,买盘
191,09:40:27,48.31,24131,5,买盘
192,09:40:30,48.31,24155,5,中性盘
193,09:40:33,48.26,4826,1,卖盘
194,09:40:36,48.23,43428,9,卖盘
195,09:40:39,48.23,67532,14,卖盘
196,09:40:48,48.23,19292,4,卖盘
197,09:40:51,48.23,9646,2,买盘
198,09:40:54,48.25,24117,5,买盘
199,09:40:57,48.18,9637,2,卖盘
200,09:41:00,48.23,33741,7,买盘
201,09:41:06,48.25,53075,11,买盘
202,09:41:09,48.26,19298,4,买盘
203,09:41:12,48.23,19292,4,卖盘
204,09:41:15,48.23,72345,15,买盘
205,09:41:18,48.19,14457,3,中性盘
206,09:41:21,48.18,19276,4,卖盘
207,09:41:27,48.18,43362,9,卖盘
208,09:41:30,48.15,33720,7,卖盘
209,09:41:33,48.18,4818,1,卖盘
210,09:41:36,48.22,33735,7,买盘
211,09:41:39,48.26,130239,27,买盘
212,09:41:42,48.28,140075,29,买盘
213,09:41:45,48.34,14496,3,买盘
214,09:41:48,48.34,9668,2,买盘
215,09:41:51,48.34,4834,1,买盘
216,09:41:54,48.33,111189,23,中性盘
217,09:41:57,48.37,24169,5,买盘
218,09:42:00,48.37,43529,9,买盘
219,09:42:03,48.31,754248,156,卖盘
220,09:42:06,48.35,9670,2,买盘
221,09:42:09,48.27,183572,38,卖盘
222,09:42:12,48.26,86890,18,卖盘
223,09:42:15,48.31,82045,17,买盘
224,09:42:24,48.18,53009,11,卖盘
225,09:42:30,48.18,9645,2,卖盘
226,09:42:36,48.29,14483,3,买盘
227,09:42:42,48.21,4821,1,卖盘
228,09:42:45,48.24,9654,2,中性盘
229,09:42:51,48.34,96656,20,买盘
230,09:42:54,48.37,130538,27,买盘
231,09:42:57,48.37,300029,62,卖盘
232,09:43:00,48.38,193540,40,中性盘
233,09:43:03,48.4,217798,45,买盘
234,09:43:06,48.39,319419,66,卖盘
235,09:43:09,48.39,67746,14,卖盘
236,09:43:12,48.32,415906,86,卖盘
237,09:43:18,48.23,38617,8,中性盘
238,09:43:27,48.36,14508,3,买盘
239,09:43:33,48.24,28958,6,卖盘
240,09:43:36,48.38,24183,5,买盘
241,09:43:42,48.25,19303,4,卖盘
242,09:43:45,48.24,43417,9,卖盘
243,09:43:48,48.22,106097,22,卖盘
244,09:43:51,48.2,197692,41,卖盘
245,09:43:54,48.18,81908,17,卖盘
246,09:43:57,48.16,57816,12,卖盘
247,09:44:00,48.15,67412,14,卖盘
248,09:44:03,48.15,19275,4,卖盘
249,09:44:06,48.15,24075,5,中性盘
250,09:44:09,48.15,231379,48,中性盘
251,09:44:12,48.15,4815,1,卖盘
252,09:44:15,48.15,43335,9,卖盘
253,09:44:18,48.16,9632,2,中性盘
254,09:44:21,48.24,48185,10,买盘
255,09:44:30,48.12,19253,4,卖盘
256,09:44:33,48.13,38523,8,卖盘
257,09:44:39,48.23,288885,60,买盘
258,09:44:45,48.16,139720,29,卖盘
259,09:44:48,48.17,125219,26,中性盘
260,09:44:51,48.13,346568,72,卖盘
261,09:44:54,48.17,43371,9,中性盘
262,09:45:00,48.16,9632,2,卖盘
263,09:45:03,48.14,14444,3,卖盘
264,09:45:06,48.11,86720,18,卖盘
265,09:45:09,48.15,28893,6,中性盘
266,09:45:12,48.24,236370,49,买盘
267,09:45:15,48.21,43444,9,卖盘
268,09:45:18,48.23,48288,10,卖盘
269,09:45:21,48.22,14469,3,卖盘
270,09:45:24,48.25,9657,2,卖盘
271,09:45:27,48.26,144741,30,中性盘
272,09:45:30,48.24,4824,1,卖盘
273,09:45:33,48.26,4826,1,中性盘
274,09:45:36,48.28,43452,9,买盘
275,09:45:39,48.21,53099,11,卖盘
276,09:45:45,48.21,9643,2,卖盘
277,09:45:51,48.18,38563,8,卖盘
278,09:45:54,48.29,4829,1,中性盘
279,09:45:57,48.29,33805,7,买盘
280,09:46:00,48.33,328882,68,买盘
281,09:46:03,48.27,289954,60,卖盘
282,09:46:15,48.33,9666,2,中性盘
283,09:46:24,48.33,24165,5,中性盘
284,09:46:27,48.39,67746,14,买盘
285,09:46:30,48.38,14504,3,买盘
286,09:46:33,48.28,9656,2,卖盘
287,09:46:36,48.27,9655,2,卖盘
288,09:46:39,48.38,4838,1,买盘
289,09:46:45,48.28,4828,1,卖盘
290,09:46:48,48.38,24190,5,买盘
291,09:46:51,48.38,29019,6,买盘
292,09:46:57,48.29,9658,2,卖盘
293,09:47:03,48.26,96552,20,卖盘
294,09:47:06,48.2,38578,8,卖盘
295,09:47:09,48.24,14468,3,中性盘
296,09:47:15,48.13,28914,6,卖盘
297,09:47:18,48.24,91628,19,买盘
298,09:47:21,48.15,9639,2,卖盘
299,09:47:24,48.11,24060,5,卖盘
300,09:47:27,48.12,9624,2,卖盘
301,09:47:30,48.19,91576,19,中性盘
302,09:47:36,48.26,57849,12,买盘
303,09:47:42,48.14,9633,2,卖盘
304,09:47:45,48.27,72333,15,买盘
305,09:47:48,48.14,48140,10,卖盘
306,09:47:51,48.14,48140,10,卖盘
307,09:47:54,48.13,24065,5,卖盘
308,09:47:57,48.13,24065,5,卖盘
309,09:48:06,48.14,9628,2,卖盘
310,09:48:09,48.14,9628,2,卖盘
311,09:48:12,48.12,77011,16,卖盘
312,09:48:15,48.13,149137,31,中性盘
313,09:48:21,48.13,28869,6,中性盘
314,09:48:24,48.13,14440,3,卖盘
315,09:48:27,48.13,9627,2,卖盘
316,09:48:36,48.18,14454,3,买盘
317,09:48:39,48.2,19278,4,买盘
318,09:48:42,48.2,14465,3,卖盘
319,09:48:45,48.27,38614,8,买盘
320,09:48:48,48.2,4820,1,卖盘
321,09:48:54,48.2,4820,1,卖盘
322,09:48:57,48.22,38562,8,买盘
323,09:49:00,48.19,4819,1,卖盘
324,09:49:03,48.23,33753,7,买盘
325,09:49:06,48.26,53084,11,买盘
326,09:49:09,48.29,57946,12,买盘
327,09:49:12,48.25,4825,1,中性盘
328,09:49:15,48.31,38642,8,买盘
329,09:49:21,48.36,53198,11,中性盘
330,09:49:27,48.19,540341,112,卖盘
331,09:49:36,48.2,86760,18,卖盘
332,09:49:39,48.2,4820,1,卖盘
333,09:49:42,48.23,9643,2,买盘
334,09:49:48,48.23,28935,6,买盘
335,09:49:51,48.3,4830,1,买盘
336,09:50:03,48.3,4830,1,买盘
337,09:50:06,48.26,24135,5,中性盘
338,09:50:09,48.26,9652,2,中性盘
339,09:50:12,48.35,9670,2,买盘
340,09:50:15,48.37,33849,7,买盘
341,09:50:18,48.37,67718,14,买盘
342,09:50:24,48.37,4837,1,买盘
343,09:50:27,48.36,14508,3,买盘
344,09:50:30,48.37,120907,25,买盘
345,09:50:33,48.37,29022,6,买盘
346,09:50:36,48.37,9673,2,买盘
347,09:50:39,48.37,4837,1,买盘
348,09:50:42,48.37,58044,12,买盘
349,09:50:48,48.37,87062,18,买盘
350,09:50:51,48.4,493620,102,买盘
351,09:50:54,48.37,87083,18,卖盘
352,09:50:57,48.37,67724,14,买盘
353,09:51:03,48.39,4839,1,中性盘
354,09:51:06,48.4,29039,6,买盘
355,09:51:09,48.4,38720,8,买盘
356,09:51:12,48.41,62930,13,买盘
357,09:51:15,48.39,9679,2,卖盘
358,09:51:18,48.39,101652,21,卖盘
359,09:51:21,48.41,106439,22,中性盘
360,09:51:24,48.41,9676,2,中性盘
361,09:51:27,48.35,91914,19,卖盘
362,09:51:33,48.41,14523,3,中性盘
363,09:51:36,48.42,33882,7,买盘
364,09:51:39,48.48,256805,53,买盘
365,09:51:42,48.48,67867,14,买盘
366,09:51:45,48.46,9692,2,卖盘
367,09:51:48,48.37,217894,45,卖盘
368,09:51:51,48.43,135557,28,中性盘
369,09:51:54,48.42,29067,6,卖盘
370,09:51:57,48.47,14539,3,买盘
371,09:52:00,48.42,4842,1,卖盘
372,09:52:03,48.46,67844,14,中性盘
373,09:52:06,48.46,14538,3,买盘
374,09:52:09,48.46,29076,6,卖盘
375,09:52:12,48.47,67845,14,买盘
376,09:52:15,48.48,72709,15,买盘
377,09:52:18,48.42,4842,1,卖盘
378,09:52:21,48.48,58175,12,买盘
379,09:52:24,48.46,9693,2,卖盘
380,09:52:33,48.47,19390,4,卖盘
381,09:52:36,48.48,77566,16,买盘
382,09:52:39,48.48,33936,7,买盘
383,09:52:42,48.47,116372,24,卖盘
384,09:52:45,48.47,19390,4,卖盘
385,09:52:48,48.47,53319,11,卖盘
386,09:52:51,48.49,67877,14,买盘
387,09:52:54,48.47,58175,12,卖盘
388,09:53:00,48.47,4847,1,卖盘
389,09:53:03,48.49,29086,6,买盘
390,09:53:06,48.45,24227,5,卖盘
391,09:53:09,48.4,72602,15,卖盘
392,09:53:12,48.37,24185,5,卖盘
393,09:53:15,48.37,24193,5,卖盘
394,09:53:18,48.36,38688,8,卖盘
395,09:53:21,48.41,38728,8,买盘
396,09:53:24,48.38,19355,4,中性盘
397,09:53:42,48.39,53266,11,卖盘
398,09:53:51,48.46,29063,6,买盘
399,09:53:54,48.45,4845,1,卖盘
400,09:53:57,48.46,24229,5,买盘
401,09:54:00,48.39,479300,99,卖盘
402,09:54:03,48.36,29021,6,卖盘
403,09:54:06,48.38,58039,12,买盘
404,09:54:09,48.39,29031,6,买盘
405,09:54:12,48.41,4841,1,卖盘
406,09:54:18,48.44,4844,1,买盘
407,09:54:24,48.46,4846,1,买盘
408,09:54:30,48.44,14536,3,卖盘
409,09:54:36,48.46,4846,1,买盘
410,09:54:39,48.43,4843,1,卖盘
411,09:54:42,48.43,4843,1,卖盘
412,09:54:48,48.46,38765,8,买盘
413,09:54:51,48.43,4843,1,卖盘
414,09:54:54,48.43,29058,6,卖盘
415,09:54:57,48.46,125975,26,买盘
416,09:55:00,48.43,33897,7,中性盘
417,09:55:03,48.45,4845,1,买盘
418,09:55:06,48.45,4845,1,买盘
419,09:55:12,48.43,72645,15,卖盘
420,09:55:15,48.39,24204,5,卖盘
421,09:55:18,48.41,208021,43,中性盘
422,09:55:21,48.36,38688,8,中性盘
423,09:55:24,48.35,14507,3,卖盘
424,09:55:27,48.35,19361,4,卖盘
425,09:55:33,48.37,87042,18,中性盘
426,09:55:36,48.42,14526,3,买盘
427,09:55:39,48.42,4842,1,买盘
428,09:55:42,48.43,19371,4,买盘
429,09:55:45,48.4,276050,57,卖盘
430,09:55:48,48.4,82283,17,卖盘
431,09:55:51,48.38,38704,8,卖盘
432,09:55:54,48.38,290280,60,卖盘
433,09:55:57,48.38,96755,20,卖盘
434,09:56:00,48.37,24185,5,卖盘
435,09:56:06,48.33,265905,55,卖盘
436,09:56:09,48.33,169121,35,买盘
437,09:56:12,48.33,53230,11,中性盘
438,09:56:15,48.33,4833,1,买盘
439,09:56:18,48.39,4839,1,中性盘
440,09:56:21,48.31,48316,10,卖盘
441,09:56:30,48.31,9662,2,卖盘
442,09:56:36,48.3,4830,1,卖盘
443,09:56:54,48.3,24150,5,卖盘
444,09:57:12,48.32,28992,6,卖盘
445,09:57:15,48.32,4832,1,卖盘
446,09:57:18,48.32,14496,3,卖盘
447,09:57:21,48.35,67669,14,买盘
448,09:57:36,48.28,4828,1,卖盘
449,09:57:39,48.27,9655,2,卖盘
450,09:57:45,48.29,4829,1,卖盘
451,09:57:51,48.32,14496,3,中性盘
452,09:57:54,48.29,4829,1,卖盘
453,09:58:00,48.31,24159,5,卖盘
454,09:58:03,48.33,53163,11,买盘
455,09:58:09,48.39,280450,58,买盘
456,09:58:12,48.45,227613,47,买盘
457,09:58:15,48.46,38761,8,买盘
458,09:58:18,48.47,9694,2,买盘
459,09:58:21,48.48,53328,11,买盘
460,09:58:24,48.47,4847,1,卖盘
461,09:58:27,48.47,9694,2,卖盘
462,09:58:30,48.46,9693,2,卖盘
463,09:58:36,48.46,106654,22,卖盘
464,09:58:39,48.46,29080,6,卖盘
465,09:58:42,48.48,4848,1,买盘
466,09:58:48,48.47,14544,3,卖盘
467,09:58:51,48.48,63021,13,买盘
468,09:58:54,48.48,43627,9,买盘
469,09:58:57,48.45,14536,3,卖盘
470,09:59:00,48.48,4848,1,买盘
471,09:59:03,48.41,523449,108,卖盘
472,09:59:06,48.4,19363,4,卖盘
473,09:59:09,48.4,9680,2,卖盘
474,09:59:12,48.45,67829,14,买盘
475,09:59:18,48.45,24203,5,买盘
476,09:59:27,48.45,4845,1,买盘
477,09:59:36,48.45,4845,1,买盘
478,09:59:42,48.39,33877,7,卖盘
479,09:59:45,48.45,4845,1,买盘
480,09:59:51,48.48,19389,4,买盘
481,10:00:03,48.4,33878,7,卖盘
482,10:00:06,48.45,91963,19,买盘
483,10:00:09,48.38,19353,4,卖盘
484,10:00:18,48.39,4839,1,卖盘
485,10:00:21,48.39,4839,1,卖盘
486,10:00:27,48.43,19368,4,买盘
487,10:00:36,48.39,4839,1,卖盘
488,10:00:42,48.43,9686,2,买盘
489,10:00:45,48.43,38740,8,买盘
490,10:00:48,48.38,392033,81,卖盘
491,10:00:51,48.39,353247,73,买盘
492,10:00:54,48.44,121004,25,买盘
493,10:00:57,48.4,4840,1,卖盘
494,10:01:00,48.4,9684,2,卖盘
495,10:01:03,48.4,4840,1,中性盘
496,10:01:12,48.4,19372,4,中性盘
497,10:01:18,48.47,43611,9,买盘
498,10:01:21,48.48,72720,15,买盘
499,10:01:24,48.48,48480,10,买盘
500,10:01:27,48.48,29083,6,买盘
501,10:01:30,48.48,4848,1,卖盘
502,10:01:33,48.46,4846,1,卖盘
503,10:01:36,48.47,9694,2,买盘
504,10:01:39,48.49,63036,13,买盘
505,10:01:42,48.46,24240,5,卖盘
506,10:01:45,48.45,19380,4,卖盘
507,10:01:51,48.45,87254,18,卖盘
508,10:01:57,48.48,188989,39,买盘
509,10:02:00,48.47,9694,2,买盘
510,10:02:03,48.39,9678,2,卖盘
511,10:02:06,48.39,4839,1,卖盘
512,10:02:12,48.38,4838,1,卖盘
513,10:02:18,48.39,4839,1,卖盘
514,10:02:30,48.41,237161,49,买盘
515,10:02:33,48.4,4840,1,中性盘
516,10:02:36,48.4,4840,1,卖盘
517,10:02:39,48.41,4841,1,买盘
518,10:02:42,48.41,14523,3,买盘
519,10:02:45,48.41,4841,1,中性盘
520,10:02:48,48.41,4841,1,卖盘
521,10:02:54,48.41,4841,1,卖盘
522,10:02:57,48.41,4841,1,卖盘
523,10:03:00,48.41,9682,2,卖盘
524,10:03:03,48.42,43585,9,买盘
525,10:03:12,48.45,14535,3,买盘
526,10:03:15,48.44,4844,1,卖盘
527,10:03:21,48.44,4844,1,卖盘
528,10:03:27,48.44,14528,3,买盘
529,10:03:30,48.44,9688,2,买盘
530,10:03:36,48.44,87206,18,买盘
531,10:03:39,48.44,4844,1,卖盘
532,10:03:45,48.42,14526,3,卖盘
533,10:03:48,48.4,19366,4,卖盘
534,10:03:51,48.38,106454,22,卖盘
535,10:03:54,48.35,125764,26,卖盘
536,10:03:57,48.34,19330,4,中性盘
537,10:04:09,48.31,28998,6,卖盘
538,10:04:12,48.35,67686,14,买盘
539,10:04:15,48.38,9676,2,买盘
540,10:04:18,48.41,38726,8,买盘
541,10:04:21,48.43,67802,14,买盘
542,10:04:24,48.37,62947,13,卖盘
543,10:04:27,48.45,48442,10,买盘
544,10:04:30,48.45,9689,2,买盘
545,10:04:33,48.45,9690,2,买盘
546,10:04:36,48.46,53298,11,买盘
547,10:04:39,48.41,33895,7,卖盘
548,10:04:42,48.41,19364,4,卖盘
549,10:04:45,48.41,4841,1,卖盘
550,10:04:54,48.41,9687,2,卖盘
551,10:05:00,48.41,24205,5,卖盘
552,10:05:03,48.41,9682,2,卖盘
553,10:05:06,48.41,82297,17,卖盘
554,10:05:09,48.42,96818,20,中性盘
555,10:05:12,48.38,4838,1,卖盘
556,10:05:18,48.44,4844,1,买盘
557,10:05:21,48.39,19361,4,中性盘
558,10:05:24,48.39,4839,1,卖盘
559,10:05:27,48.39,4839,1,卖盘
560,10:05:36,48.47,150217,31,买盘
561,10:05:39,48.47,43623,9,买盘
562,10:05:42,48.48,421796,87,买盘
563,10:05:45,48.49,38781,8,买盘
564,10:05:48,48.48,9696,2,买盘
565,10:05:51,48.49,160017,33,买盘
566,10:05:54,48.49,116380,24,卖盘
567,10:05:57,48.48,24241,5,卖盘
568,10:06:00,48.48,4848,1,卖盘
569,10:06:03,48.5,38800,8,买盘
570,10:06:09,48.49,63037,13,买盘
571,10:06:12,48.49,9699,2,卖盘
572,10:06:15,48.49,9699,2,中性盘
573,10:06:18,48.49,14549,3,卖盘
574,10:06:21,48.47,164814,34,卖盘
575,10:06:24,48.45,305359,63,卖盘
576,10:06:27,48.41,164693,34,卖盘
577,10:06:30,48.39,9678,2,卖盘
578,10:06:36,48.39,9678,2,卖盘
579,10:06:48,48.43,9686,2,买盘
580,10:06:54,48.44,4844,1,买盘
581,10:06:57,48.44,4844,1,买盘
582,10:07:00,48.44,9688,2,卖盘
583,10:07:03,48.44,4844,1,卖盘
584,10:07:06,48.43,9687,2,卖盘
585,10:07:09,48.38,203235,42,卖盘
586,10:07:12,48.33,53117,11,卖盘
587,10:07:15,48.36,101511,21,买盘
588,10:07:18,48.34,19342,4,中性盘
589,10:07:21,48.34,19313,4,中性盘
590,10:07:24,48.34,4834,1,买盘
591,10:07:27,48.28,24143,5,卖盘
592,10:07:30,48.28,9656,2,卖盘
593,10:07:33,48.28,53114,11,卖盘
594,10:07:36,48.25,14479,3,卖盘
595,10:07:39,48.33,246132,51,中性盘
596,10:07:42,48.34,58008,12,买盘
597,10:07:45,48.35,9670,2,买盘
598,10:07:54,48.34,33841,7,卖盘
599,10:08:03,48.34,14502,3,卖盘
600,10:08:09,48.34,9668,2,买盘
601,10:08:12,48.34,14502,3,卖盘
602,10:08:24,48.3,4830,1,卖盘
603,10:08:33,48.29,77266,16,卖盘
604,10:08:36,48.27,82075,17,卖盘
605,10:08:39,48.27,19308,4,卖盘
606,10:08:48,48.27,48270,10,卖盘
607,10:08:51,48.24,4824,1,卖盘
608,10:08:54,48.24,33768,7,卖盘
609,10:09:06,48.25,4825,1,中性盘
610,10:09:12,48.27,14481,3,买盘
611,10:09:18,48.27,4827,1,买盘
612,10:09:27,48.26,164116,34,卖盘
613,10:09:30,48.26,62749,13,卖盘
614,10:09:45,48.26,38608,8,卖盘
615,10:09:48,48.24,24124,5,卖盘
616,10:09:57,48.27,28962,6,中性盘
617,10:10:06,48.25,9650,2,卖盘
618,10:10:09,48.25,4825,1,中性盘
619,10:10:12,48.24,28945,6,卖盘
620,10:10:15,48.25,38600,8,中性盘
621,10:10:18,48.22,33763,7,卖盘
622,10:10:21,48.26,9652,2,买盘
623,10:10:24,48.24,4824,1,卖盘
624,10:10:27,48.24,4824,1,卖盘
625,10:10:30,48.24,19296,4,卖盘
626,10:10:36,48.23,4823,1,中性盘
627,10:10:39,48.23,4823,1,中性盘
628,10:10:42,48.24,9648,2,买盘
629,10:10:45,48.28,72380,15,买盘
630,10:10:48,48.3,24147,5,买盘
631,10:10:57,48.3,4830,1,卖盘
632,10:11:03,48.32,19330,4,买盘
633,10:11:18,48.31,24155,5,卖盘
634,10:11:21,48.28,82098,17,卖盘
635,10:11:24,48.28,62764,13,卖盘
636,10:11:39,48.28,57946,12,卖盘
637,10:11:42,48.31,67634,14,买盘
638,10:11:48,48.34,14501,3,买盘
639,10:11:51,48.35,9670,2,买盘
640,10:11:54,48.34,4834,1,中性盘
641,10:11:57,48.34,24170,5,中性盘
642,10:12:00,48.35,9670,2,买盘
643,10:12:03,48.3,473654,98,卖盘
644,10:12:06,48.29,144858,30,卖盘
645,10:12:09,48.29,28966,6,买盘
646,10:12:15,48.25,4825,1,卖盘
647,10:12:18,48.29,14485,3,买盘
648,10:12:21,48.3,9659,2,买盘
649,10:12:30,48.28,4828,1,卖盘
650,10:12:33,48.26,28965,6,卖盘
651,10:12:45,48.26,4826,1,卖盘
652,10:12:57,48.28,14483,3,买盘
653,10:13:00,48.28,14484,3,买盘
654,10:13:09,48.27,48270,10,卖盘
655,10:13:12,48.31,9661,2,买盘
656,10:13:15,48.32,9663,2,买盘
657,10:13:18,48.32,19328,4,买盘
658,10:13:21,48.35,14505,3,买盘
659,10:13:24,48.36,19341,4,买盘
660,10:13:27,48.35,4835,1,买盘
661,10:13:33,48.35,33845,7,买盘
662,10:13:42,48.35,29010,6,卖盘
663,10:13:51,48.39,48387,10,买盘
664,10:13:54,48.38,4838,1,中性盘
665,10:14:00,48.36,19344,4,卖盘
666,10:14:03,48.33,14499,3,卖盘
667,10:14:06,48.35,9670,2,卖盘
668,10:14:09,48.33,4833,1,卖盘
669,10:14:12,48.33,4833,1,卖盘
670,10:14:15,48.34,24169,5,买盘
671,10:14:18,48.31,169110,35,卖盘
672,10:14:24,48.27,9654,2,卖盘
673,10:14:27,48.27,4827,1,卖盘
674,10:14:36,48.27,4827,1,卖盘
675,10:14:42,48.25,24129,5,卖盘
676,10:14:57,48.25,9650,2,卖盘
677,10:15:00,48.22,28942,6,卖盘
678,10:15:03,48.3,77289,16,买盘
679,10:15:12,48.22,14468,3,卖盘
680,10:15:18,48.3,135238,28,买盘
681,10:15:27,48.22,28932,6,卖盘
682,10:15:33,48.3,9660,2,中性盘
683,10:15:36,48.24,4824,1,卖盘
684,10:15:39,48.24,4824,1,卖盘
685,10:15:51,48.24,28946,6,卖盘
686,10:15:57,48.22,28932,6,卖盘
687,10:16:00,48.22,9644,2,卖盘
688,10:16:06,48.22,9644,2,卖盘
689,10:16:09,48.22,4822,1,卖盘
690,10:16:12,48.22,9644,2,卖盘
691,10:16:18,48.22,48220,10,卖盘
692,10:16:24,48.23,4823,1,卖盘
693,10:16:27,48.22,28933,6,卖盘
694,10:16:33,48.2,24106,5,卖盘
695,10:16:36,48.18,207246,43,卖盘
696,10:16:42,48.18,4818,1,卖盘
697,10:16:45,48.18,4818,1,卖盘
698,10:16:48,48.18,62634,13,卖盘
699,10:16:51,48.18,14454,3,卖盘
700,10:16:54,48.14,120423,25,卖盘
701,10:17:00,48.17,38527,8,买盘
702,10:17:03,48.12,9624,2,卖盘
703,10:17:06,48.12,129950,27,中性盘
704,10:17:09,48.12,38521,8,中性盘
705,10:17:12,48.1,33695,7,卖盘
706,10:17:18,48.1,4810,1,卖盘
707,10:17:21,48.1,9621,2,卖盘
708,10:17:24,48.09,28857,6,卖盘
709,10:17:27,48.09,14429,3,卖盘
710,10:17:30,48.1,9619,2,买盘
711,10:17:33,48.09,19236,4,卖盘
712,10:17:36,48.06,43268,9,卖盘
713,10:17:39,48.02,72059,15,卖盘
714,10:17:42,48.02,9604,2,卖盘
715,10:17:45,48.04,14408,3,买盘
716,10:17:51,48.02,19214,4,卖盘
717,10:17:54,48.02,33614,7,卖盘
718,10:18:00,48.01,4801,1,卖盘
719,10:18:03,48.01,14403,3,卖盘
720,10:18:06,48.0,57602,12,卖盘
721,10:18:09,48.0,33602,7,卖盘
722,10:18:12,48.0,76808,16,卖盘
723,10:18:15,48.0,239996,50,卖盘
724,10:18:18,47.98,33586,7,卖盘
725,10:18:24,47.98,33586,7,卖盘
726,10:18:27,47.98,4798,1,买盘
727,10:18:30,47.98,47986,10,买盘
728,10:18:33,48.0,4800,1,买盘
729,10:18:36,48.02,43211,9,买盘
730,10:18:39,48.03,48030,10,中性盘
731,10:18:45,48.03,24024,5,卖盘
732,10:18:48,48.02,86453,18,卖盘
733,10:18:51,48.01,33607,7,卖盘
734,10:18:57,48.01,9602,2,卖盘
735,10:19:00,48.03,57626,12,买盘
736,10:19:12,48.01,28809,6,卖盘
737,10:19:15,48.03,52833,11,买盘
738,10:19:18,48.03,4803,1,卖盘
739,10:19:24,48.03,38424,8,卖盘
740,10:19:27,48.03,9606,2,买盘
741,10:19:30,48.03,57629,12,买盘
742,10:19:48,48.03,9606,2,买盘
743,10:19:51,48.02,28815,6,卖盘
744,10:19:54,48.02,9604,2,卖盘
745,10:20:09,48.01,19206,4,卖盘
746,10:20:12,48.02,9604,2,买盘
747,10:20:15,48.03,4803,1,买盘
748,10:20:18,48.02,4802,1,卖盘
749,10:20:33,48.05,4805,1,买盘
750,10:20:36,48.02,4802,1,卖盘
751,10:20:48,48.03,4803,1,中性盘
752,10:20:51,48.02,28812,6,卖盘
753,10:20:54,47.99,686459,143,卖盘
754,10:20:57,48.0,19198,4,买盘
755,10:21:03,48.01,28806,6,买盘
756,10:21:06,48.01,4801,1,中性盘
757,10:21:12,48.0,28800,6,卖盘
758,10:21:24,48.03,43227,9,买盘
759,10:21:27,48.03,48009,10,中性盘
760,10:21:30,48.03,4803,1,卖盘
761,10:21:39,48.03,19212,4,买盘
762,10:21:42,48.0,4800,1,卖盘
763,10:21:48,48.0,19200,4,卖盘
764,10:21:51,48.0,115174,24,买盘
765,10:21:54,47.97,43181,9,卖盘
766,10:21:57,47.95,38362,8,卖盘
767,10:22:03,47.98,191920,40,买盘
768,10:22:06,48.03,28814,6,买盘
769,10:22:09,48.04,81666,17,买盘
770,10:22:12,48.05,628692,131,买盘
771,10:22:15,48.02,38416,8,中性盘
772,10:22:27,48.05,9610,2,买盘
773,10:22:30,48.08,240310,50,买盘
774,10:22:33,48.08,14424,3,买盘
775,10:22:36,48.08,38464,8,卖盘
776,10:22:42,48.08,28848,6,卖盘
777,10:22:48,48.08,67312,14,卖盘
778,10:22:51,48.06,9613,2,卖盘
779,10:22:57,48.05,9612,2,卖盘
780,10:23:03,48.06,4806,1,中性盘
781,10:23:06,48.07,28842,6,中性盘
782,10:23:09,48.07,33653,7,卖盘
783,10:23:12,48.1,9620,2,买盘
784,10:23:21,48.1,38480,8,买盘
785,10:23:33,48.12,86618,18,卖盘
786,10:23:39,48.14,62601,13,卖盘
787,10:23:42,48.11,24060,5,卖盘
788,10:24:03,48.12,67380,14,卖盘
789,10:24:06,48.11,52930,11,卖盘
790,10:24:12,48.15,9630,2,中性盘
791,10:24:15,48.16,14448,3,买盘
792,10:24:18,48.16,4816,1,买盘
793,10:24:21,48.18,33725,7,买盘
794,10:24:30,48.15,216711,45,卖盘
795,10:24:33,48.13,43327,9,卖盘
796,10:24:36,48.13,53049,11,卖盘
797,10:24:51,48.19,125280,26,中性盘
798,10:24:54,48.13,9626,2,卖盘
799,10:24:57,48.12,33687,7,卖盘
800,10:25:03,48.12,4812,1,卖盘
801,10:25:15,48.11,28879,6,卖盘
802,10:25:39,48.11,4811,1,卖盘
803,10:25:48,48.06,230834,48,卖盘
804,10:25:51,48.03,57637,12,卖盘
805,10:25:54,48.03,24015,5,卖盘
806,10:26:03,48.03,14413,3,卖盘
807,10:26:06,48.0,9603,2,卖盘
808,10:26:15,48.08,9615,2,买盘
809,10:26:18,48.07,9614,2,买盘
810,10:26:27,48.11,76972,16,买盘
811,10:26:30,48.09,4809,1,中性盘
812,10:26:39,48.11,19242,4,买盘
813,10:26:51,48.01,14407,3,卖盘
814,10:26:54,48.0,33604,7,卖盘
815,10:26:57,48.09,4809,1,买盘
816,10:27:03,48.09,19234,4,买盘
817,10:27:15,48.03,9607,2,卖盘
818,10:27:18,48.03,19211,4,买盘
819,10:27:21,48.02,9605,2,卖盘
820,10:27:24,48.08,14423,3,买盘
821,10:27:27,48.08,9612,2,买盘
822,10:27:30,48.08,9616,2,买盘
823,10:27:57,48.08,38464,8,买盘
824,10:28:06,48.08,81739,17,卖盘
825,10:28:09,48.06,28836,6,卖盘
826,10:28:12,48.06,9612,2,卖盘
827,10:28:15,48.1,9619,2,买盘
828,10:28:24,48.1,9620,2,买盘
829,10:28:39,48.07,4807,1,卖盘
830,10:28:42,48.07,9614,2,卖盘
831,10:28:45,48.06,9612,2,卖盘
832,10:28:48,48.09,14427,3,买盘
833,10:28:54,48.07,9614,2,中性盘
834,10:29:06,48.1,57713,12,买盘
835,10:29:09,48.11,4811,1,买盘
836,10:29:21,48.07,9614,2,卖盘
837,10:29:27,48.1,9620,2,买盘
838,10:29:42,48.1,9620,2,买盘
839,10:29:54,48.11,9621,2,买盘
840,10:30:00,48.1,19243,4,卖盘
841,10:30:03,48.1,4810,1,卖盘
842,10:30:06,48.08,24043,5,卖盘
843,10:30:09,48.11,14429,3,买盘
844,10:30:12,48.07,14421,3,卖盘
845,10:30:15,48.01,211440,44,卖盘
846,10:30:21,48.05,9610,2,买盘
847,10:30:24,48.02,9604,2,卖盘
848,10:30:30,48.05,4805,1,买盘
849,10:30:39,48.04,4804,1,中性盘
850,10:30:42,48.05,4805,1,买盘
851,10:30:54,48.05,9610,2,买盘
852,10:30:57,48.08,86544,18,买盘
853,10:31:03,48.11,14431,3,买盘
854,10:31:09,48.01,235360,49,卖盘
855,10:31:15,48.04,9608,2,卖盘
856,10:31:18,48.02,24014,5,卖盘
857,10:31:24,48.11,38488,8,买盘
858,10:31:42,48.11,548454,114,买盘
859,10:31:45,48.18,57784,12,买盘
860,10:31:48,48.18,67452,14,买盘
861,10:31:51,48.16,24080,5,卖盘
862,10:32:03,48.24,9648,2,买盘
863,10:32:06,48.24,19296,4,买盘
864,10:32:15,48.28,14484,3,买盘
865,10:32:18,48.25,14486,3,中性盘
866,10:32:21,48.32,57978,12,买盘
867,10:32:24,48.24,4824,1,卖盘
868,10:32:27,48.3,72414,15,中性盘
869,10:32:30,48.24,4824,1,卖盘
870,10:32:36,48.25,19300,4,中性盘
871,10:32:51,48.3,67620,14,买盘
872,10:33:00,48.25,14475,3,卖盘
873,10:33:03,48.24,28944,6,卖盘
874,10:33:06,48.25,9650,2,中性盘
875,10:33:09,48.31,38647,8,买盘
876,10:33:12,48.24,9648,2,卖盘
877,10:33:24,48.32,67648,14,买盘
878,10:33:27,48.23,168839,35,卖盘
879,10:33:30,48.21,149500,31,卖盘
880,10:33:33,48.21,4821,1,卖盘
881,10:33:45,48.21,4821,1,卖盘
882,10:33:48,48.21,4821,1,卖盘
883,10:33:51,48.18,231363,48,卖盘
884,10:33:54,48.16,120413,25,卖盘
885,10:33:57,48.16,33712,7,卖盘
886,10:34:00,48.18,19272,4,中性盘
887,10:34:12,48.18,24090,5,买盘
888,10:34:18,48.13,43317,9,卖盘
889,10:34:45,48.17,86688,18,买盘
890,10:34:48,48.16,28896,6,中性盘
891,10:35:12,48.17,9634,2,卖盘
892,10:35:15,48.17,4817,1,卖盘
893,10:35:18,48.16,28896,6,卖盘
894,10:35:21,48.15,38524,8,卖盘
895,10:35:24,48.16,4816,1,中性盘
896,10:35:30,48.16,4816,1,卖盘
897,10:35:54,48.16,53019,11,卖盘
898,10:35:57,48.17,9634,2,中性盘
899,10:36:12,48.17,28902,6,卖盘
900,10:36:18,48.16,24081,5,卖盘
901,10:36:24,48.15,9630,2,卖盘
902,10:36:33,48.15,4815,1,卖盘
903,10:36:42,48.22,9644,2,中性盘
904,10:36:54,48.22,14465,3,买盘
905,10:37:09,48.18,24090,5,卖盘
906,10:37:18,48.18,38544,8,卖盘
907,10:37:21,48.18,4818,1,中性盘
908,10:37:39,48.21,43368,9,买盘
909,10:37:42,48.22,72323,15,买盘
910,10:37:45,48.17,38539,8,卖盘
911,10:37:51,48.18,19272,4,中性盘
912,10:37:57,48.24,834216,173,买盘
913,10:38:00,48.31,57970,12,买盘
914,10:38:15,48.3,19318,4,买盘
915,10:38:27,48.3,9660,2,中性盘
916,10:38:30,48.3,24150,5,买盘
917,10:38:33,48.32,86972,18,买盘
918,10:38:36,48.31,53162,11,卖盘
919,10:38:42,48.37,67709,14,买盘
920,10:38:45,48.36,304652,63,中性盘
921,10:38:48,48.32,62828,13,卖盘
922,10:38:51,48.33,9666,2,卖盘
923,10:38:57,48.31,285061,59,卖盘
924,10:39:00,48.29,24145,5,卖盘
925,10:39:03,48.28,28973,6,卖盘
926,10:39:06,48.28,14484,3,卖盘
927,10:39:18,48.28,24140,5,中性盘
928,10:39:27,48.25,4825,1,卖盘
929,10:39:30,48.25,4825,1,卖盘
930,10:39:51,48.25,28950,6,卖盘
931,10:39:54,48.24,38597,8,卖盘
932,10:39:57,48.24,4824,1,卖盘
933,10:40:18,48.24,4824,1,卖盘
934,10:40:24,48.24,9648,2,卖盘
935,10:40:27,48.28,33796,7,买盘
936,10:40:30,48.29,4829,1,买盘
937,10:40:33,48.28,43492,9,卖盘
938,10:40:36,48.24,24128,5,卖盘
939,10:40:45,48.32,19328,4,买盘
940,10:41:15,48.24,4824,1,卖盘
941,10:41:39,48.31,48308,10,买盘
942,10:41:45,48.32,14484,3,买盘
943,10:41:48,48.32,14496,3,买盘
944,10:41:51,48.31,115980,24,卖盘
945,10:41:54,48.27,38630,8,卖盘
946,10:42:00,48.31,14493,3,买盘
947,10:42:03,48.32,19328,4,买盘
948,10:42:06,48.27,43470,9,卖盘
949,10:42:09,48.28,53138,11,中性盘
950,10:42:21,48.28,14490,3,卖盘
951,10:42:24,48.31,24152,5,买盘
952,10:42:42,48.31,9662,2,买盘
953,10:42:45,48.27,48272,10,卖盘
954,10:42:48,48.24,144773,30,卖盘
955,10:42:51,48.2,57851,12,卖盘
956,10:42:57,48.2,28920,6,卖盘
957,10:43:00,48.2,9640,2,卖盘
958,10:43:03,48.19,154239,32,卖盘
959,10:43:06,48.11,24062,5,卖盘
960,10:43:12,48.22,14464,3,买盘
961,10:43:15,48.08,14430,3,卖盘
962,10:43:30,48.21,57845,12,买盘
963,10:43:36,48.23,9646,2,买盘
964,10:43:42,48.13,9627,2,中性盘
965,10:43:54,48.23,110929,23,买盘
966,10:43:57,48.19,14457,3,中性盘
967,10:44:00,48.23,4823,1,买盘
968,10:44:09,48.19,453039,94,卖盘
969,10:44:12,48.16,52976,11,卖盘
970,10:44:15,48.16,19264,4,卖盘
971,10:44:24,48.13,77004,16,卖盘
972,10:44:27,48.12,4812,1,卖盘
973,10:44:30,48.11,14433,3,卖盘
974,10:44:48,48.19,9638,2,买盘
975,10:44:57,48.19,9638,2,买盘
976,10:45:36,48.18,9636,2,买盘
977,10:45:39,48.18,4818,1,买盘
978,10:45:42,48.2,81937,17,买盘
979,10:45:45,48.2,24100,5,卖盘
980,10:45:48,48.2,43380,9,卖盘
981,10:46:15,48.2,9640,2,买盘
982,10:46:18,48.13,9626,2,卖盘
983,10:46:24,48.14,9628,2,中性盘
984,10:46:45,48.2,9640,2,买盘
985,10:46:51,48.15,9630,2,卖盘
986,10:47:12,48.2,19280,4,买盘
987,10:47:15,48.23,28926,6,买盘
988,10:47:21,48.23,14469,3,买盘
989,10:47:24,48.24,43412,9,买盘
990,10:47:27,48.25,154562,32,中性盘
991,10:47:30,48.26,67579,14,中性盘
992,10:47:33,48.33,4833,1,买盘
993,10:47:36,48.26,9652,2,卖盘
994,10:47:54,48.26,9652,2,卖盘
995,10:47:57,48.3,9660,2,买盘
996,10:48:06,48.3,9660,2,买盘
997,10:48:09,48.25,9650,2,卖盘
998,10:48:15,48.24,28945,6,卖盘
999,10:48:18,48.24,9648,2,卖盘
1000,10:48:21,48.2,43401,9,卖盘
1001,10:48:24,48.22,53036,11,买盘
1002,10:48:27,48.27,9650,2,买盘
1003,10:48:30,48.23,14469,3,卖盘
1004,10:48:36,48.27,28954,6,买盘
1005,10:48:48,48.23,9646,2,卖盘
1006,10:48:57,48.27,4827,1,买盘
1007,10:49:06,48.23,48263,10,中性盘
1008,10:49:09,48.24,19296,4,中性盘
1009,10:49:12,48.27,9654,2,买盘
1010,10:49:15,48.29,19314,4,买盘
1011,10:49:18,48.29,4829,1,卖盘
1012,10:49:24,48.29,4829,1,卖盘
1013,10:49:27,48.29,14487,3,卖盘
1014,10:49:33,48.33,33831,7,买盘
1015,10:49:36,48.29,14487,3,卖盘
1016,10:49:39,48.35,72508,15,买盘
1017,10:49:42,48.28,14484,3,卖盘
1018,10:49:54,48.28,4828,1,卖盘
1019,10:50:09,48.34,9668,2,买盘
1020,10:50:24,48.29,72518,15,卖盘
1021,10:50:27,48.28,14485,3,卖盘
1022,10:50:30,48.28,9656,2,卖盘
1023,10:50:48,48.28,4828,1,卖盘
1024,10:50:51,48.28,19312,4,卖盘
1025,10:50:54,48.28,4828,1,卖盘
1026,10:50:57,48.24,67549,14,卖盘
1027,10:51:00,48.24,24120,5,卖盘
1028,10:51:03,48.24,4824,1,卖盘
1029,10:51:06,48.22,101296,21,卖盘
1030,10:51:09,48.2,28920,6,卖盘
1031,10:51:18,48.25,28946,6,买盘
1032,10:52:00,48.28,91699,19,买盘
1033,10:52:03,48.28,33790,7,买盘
1034,10:52:06,48.33,9666,2,买盘
1035,10:52:09,48.26,9652,2,卖盘
1036,10:52:12,48.28,14484,3,中性盘
1037,10:52:15,48.29,43457,9,买盘
1038,10:52:18,48.33,19332,4,买盘
1039,10:52:21,48.33,28983,6,买盘
1040,10:52:24,48.35,154710,32,买盘
1041,10:52:27,48.28,24143,5,卖盘
1042,10:52:36,48.35,24160,5,买盘
1043,10:52:39,48.35,4835,1,买盘
1044,10:52:51,48.31,9662,2,中性盘
1045,10:52:54,48.31,19324,4,卖盘
1046,10:53:09,48.29,4829,1,卖盘
1047,10:53:21,48.29,9658,2,卖盘
1048,10:53:33,48.29,43461,9,卖盘
1049,10:53:36,48.28,9656,2,卖盘
1050,10:53:42,48.28,4828,1,卖盘
1051,10:54:03,48.27,9654,2,卖盘
1052,10:54:06,48.27,19310,4,卖盘
1053,10:54:09,48.26,9652,2,卖盘
1054,10:54:12,48.25,33781,7,卖盘
1055,10:54:15,48.25,48250,10,卖盘
1056,10:54:18,48.25,19300,4,卖盘
1057,10:54:21,48.26,19301,4,中性盘
1058,10:54:24,48.27,24135,5,买盘
1059,10:54:27,48.27,14481,3,卖盘
1060,10:54:30,48.27,19308,4,卖盘
1061,10:54:33,48.27,4827,1,卖盘
1062,10:54:36,48.31,9662,2,买盘
1063,10:54:39,48.26,14479,3,卖盘
1064,10:55:09,48.32,4832,1,买盘
1065,10:55:12,48.34,24166,5,买盘
1066,10:55:15,48.36,111207,23,买盘
1067,10:55:18,48.35,86995,18,中性盘
1068,10:55:21,48.3,19321,4,卖盘
1069,10:55:24,48.3,14490,3,卖盘
1070,10:55:30,48.35,9670,2,买盘
1071,10:55:36,48.3,24150,5,卖盘
1072,10:55:42,48.25,685490,142,卖盘
1073,10:55:48,48.11,28896,6,卖盘
1074,10:55:51,48.15,24088,5,卖盘
1075,10:55:54,48.15,48154,10,卖盘
1076,10:55:57,48.15,9630,2,卖盘
1077,10:56:00,48.11,9623,2,卖盘
1078,10:56:03,48.07,33665,7,卖盘
1079,10:56:06,48.09,14428,3,卖盘
1080,10:56:12,48.11,9622,2,卖盘
1081,10:56:30,48.19,19276,4,买盘
1082,10:56:36,48.23,28929,6,买盘
1083,10:56:45,48.23,14466,3,买盘
1084,10:56:48,48.23,43398,9,买盘
1085,10:56:51,48.24,28944,6,买盘
1086,10:56:54,48.23,212243,44,卖盘
1087,10:56:57,48.23,4823,1,卖盘
1088,10:57:00,48.23,4823,1,卖盘
1089,10:57:18,48.24,9647,2,买盘
1090,10:57:21,48.22,24110,5,卖盘
1091,10:57:36,48.21,48210,10,卖盘
1092,10:57:45,48.24,4824,1,买盘
1093,10:57:51,48.25,4825,1,买盘
1094,10:57:54,48.24,9648,2,卖盘
1095,10:57:57,48.22,19290,4,卖盘
1096,10:58:00,48.25,19288,4,买盘
1097,10:58:03,48.2,28923,6,卖盘
1098,10:58:06,48.2,14460,3,卖盘
1099,10:58:12,48.2,28920,6,卖盘
1100,10:58:15,48.2,24099,5,卖盘
1101,10:58:18,48.19,9638,2,卖盘
1102,10:58:21,48.19,28914,6,卖盘
1103,10:58:24,48.19,38552,8,卖盘
1104,10:58:27,48.19,38552,8,卖盘
1105,10:58:30,48.2,9640,2,买盘
1106,10:58:33,48.19,4819,1,卖盘
1107,10:58:36,48.19,53009,11,卖盘
1108,10:58:39,48.19,202398,42,卖盘
1109,10:58:42,48.2,33733,7,买盘
1110,10:58:45,48.19,9638,2,卖盘
1111,10:58:48,48.16,48170,10,卖盘
1112,10:58:51,48.2,33720,7,买盘
1113,10:58:54,48.15,43346,9,卖盘
1114,10:58:57,48.16,332304,69,买盘
1115,10:59:06,48.23,14469,3,买盘
1116,10:59:09,48.25,53070,11,买盘
1117,10:59:12,48.26,19303,4,买盘
1118,10:59:21,48.26,4826,1,卖盘
1119,10:59:27,48.26,4826,1,卖盘
1120,10:59:30,48.26,4826,1,卖盘
1121,10:59:33,48.25,14477,3,卖盘
1122,10:59:51,48.27,9654,2,卖盘
1123,10:59:54,48.27,4827,1,卖盘
1124,10:59:57,48.27,24135,5,买盘
1125,11:00:00,48.23,4823,1,卖盘
1126,11:00:06,48.27,9654,2,买盘
1127,11:00:15,48.26,14479,3,买盘
1128,11:00:18,48.24,14474,3,卖盘
1129,11:00:30,48.27,14481,3,买盘
1130,11:00:36,48.28,19312,4,买盘
1131,11:00:39,48.28,4828,1,买盘
1132,11:00:48,48.29,9658,2,买盘
1133,11:00:51,48.29,4829,1,买盘
1134,11:00:57,48.29,19316,4,买盘
1135,11:01:03,48.31,67625,14,买盘
1136,11:01:06,48.31,9662,2,买盘
1137,11:01:09,48.29,14489,3,卖盘
1138,11:01:15,48.29,9658,2,买盘
1139,11:01:18,48.27,28967,6,卖盘
1140,11:01:21,48.26,4826,1,卖盘
1141,11:01:24,48.26,4826,1,卖盘
1142,11:01:27,48.26,82042,17,卖盘
1143,11:01:36,48.26,9652,2,买盘
1144,11:01:39,48.26,14478,3,买盘
1145,11:01:42,48.25,14475,3,卖盘
1146,11:01:45,48.26,4826,1,买盘
1147,11:01:48,48.25,72376,15,卖盘
1148,11:01:51,48.24,9650,2,卖盘
1149,11:01:54,48.24,48240,10,卖盘
1150,11:01:57,48.23,48227,10,卖盘
1151,11:02:00,48.21,4821,1,卖盘
1152,11:02:03,48.2,96419,20,卖盘
1153,11:02:06,48.19,24095,5,卖盘
1154,11:02:12,48.19,19278,4,卖盘
1155,11:02:21,48.19,14457,3,卖盘
1156,11:02:24,48.21,14463,3,买盘
1157,11:02:30,48.19,28914,6,卖盘
1158,11:02:33,48.19,19276,4,卖盘
1159,11:02:54,48.21,62673,13,买盘
1160,11:03:03,48.23,19292,4,卖盘
1161,11:03:06,48.23,14469,3,买盘
1162,11:03:18,48.23,9646,2,中性盘
1163,11:03:24,48.19,9638,2,卖盘
1164,11:03:45,48.24,4824,1,买盘
1165,11:03:51,48.19,9640,2,卖盘
1166,11:04:03,48.24,9648,2,买盘
1167,11:04:24,48.2,4820,1,卖盘
1168,11:04:27,48.24,14468,3,买盘
1169,11:04:30,48.2,24105,5,卖盘
1170,11:04:36,48.2,14460,3,卖盘
1171,11:04:57,48.2,4820,1,卖盘
1172,11:05:03,48.2,9640,2,卖盘
1173,11:05:12,48.25,168856,35,买盘
1174,11:05:21,48.25,19300,4,买盘
1175,11:05:24,48.28,67590,14,买盘
1176,11:05:27,48.29,14485,3,买盘
1177,11:05:33,48.29,77264,16,买盘
1178,11:05:36,48.29,4829,1,买盘
1179,11:06:03,48.25,14477,3,卖盘
1180,11:06:06,48.25,4825,1,卖盘
1181,11:06:09,48.24,19296,4,卖盘
1182,11:06:12,48.25,9649,2,中性盘
1183,11:06:33,48.25,9650,2,卖盘
1184,11:06:36,48.29,48280,10,买盘
1185,11:06:48,48.29,62777,13,买盘
1186,11:06:54,48.25,9650,2,中性盘
1187,11:07:03,48.24,24120,5,卖盘
1188,11:07:06,48.24,28944,6,卖盘
1189,11:07:15,48.24,43416,9,卖盘
1190,11:07:18,48.24,24120,5,卖盘
1191,11:07:21,48.24,4824,1,卖盘
1192,11:07:24,48.24,48240,10,卖盘
1193,11:07:30,48.23,4823,1,卖盘
1194,11:07:36,48.22,24114,5,卖盘
1195,11:07:39,48.22,4822,1,卖盘
1196,11:07:42,48.22,115728,24,卖盘
1197,11:07:45,48.21,4821,1,卖盘
1198,11:07:57,48.21,4821,1,卖盘
1199,11:08:00,48.21,4821,1,卖盘
1200,11:08:03,48.21,9642,2,卖盘
1201,11:08:09,48.21,19287,4,卖盘
1202,11:08:15,48.25,77175,16,买盘
1203,11:08:21,48.3,72437,15,买盘
1204,11:08:24,48.31,9662,2,买盘
1205,11:08:27,48.34,9668,2,买盘
1206,11:08:30,48.35,72522,15,买盘
1207,11:08:42,48.35,87028,18,买盘
1208,11:08:51,48.35,9670,2,买盘
1209,11:09:06,48.31,4831,1,卖盘
1210,11:09:21,48.31,4831,1,卖盘
1211,11:09:30,48.32,4832,1,卖盘
1212,11:09:42,48.35,19340,4,买盘
1213,11:09:45,48.35,4835,1,买盘
1214,11:10:06,48.36,9672,2,买盘
1215,11:10:21,48.36,29010,6,买盘
1216,11:10:24,48.36,14508,3,买盘
1217,11:10:27,48.39,285429,59,买盘
1218,11:10:30,48.41,125842,26,买盘
1219,11:10:33,48.41,14524,3,卖盘
1220,11:10:36,48.41,24207,5,卖盘
1221,11:10:39,48.41,4841,1,卖盘
1222,11:10:42,48.41,9682,2,卖盘
1223,11:11:06,48.37,14515,3,卖盘
1224,11:11:27,48.36,9672,2,卖盘
1225,11:11:36,48.35,9670,2,卖盘
1226,11:11:48,48.35,9669,2,买盘
1227,11:12:09,48.35,19340,4,买盘
1228,11:12:12,48.38,14513,3,买盘
1229,11:12:27,48.4,29038,6,买盘
1230,11:12:30,48.41,14523,3,买盘
1231,11:12:36,48.4,29040,6,卖盘
1232,11:12:39,48.39,29034,6,卖盘
1233,11:12:42,48.39,9678,2,卖盘
1234,11:12:45,48.4,67760,14,买盘
1235,11:12:51,48.39,14518,3,卖盘
1236,11:12:57,48.42,14523,3,买盘
1237,11:13:00,48.42,19367,4,买盘
1238,11:13:03,48.39,19356,4,卖盘
1239,11:13:06,48.38,9676,2,卖盘
1240,11:13:24,48.41,48402,10,买盘
1241,11:13:27,48.41,4841,1,卖盘
1242,11:13:30,48.41,4841,1,卖盘
1243,11:13:45,48.37,24186,5,卖盘
1244,11:13:48,48.36,4836,1,卖盘
1245,11:13:54,48.4,9680,2,买盘
1246,11:14:00,48.36,4836,1,卖盘
1247,11:14:15,48.4,9680,2,买盘
1248,11:14:33,48.4,9680,2,买盘
1249,11:14:42,48.4,14516,3,买盘
1250,11:15:27,48.37,14511,3,卖盘
1251,11:15:42,48.37,4837,1,买盘
1252,11:15:57,48.36,9672,2,卖盘
1253,11:16:03,48.37,19347,4,买盘
1254,11:16:06,48.35,120936,25,卖盘
1255,11:16:12,48.36,9672,2,中性盘
1256,11:16:21,48.35,29010,6,卖盘
1257,11:17:03,48.36,19344,4,卖盘
1258,11:17:06,48.36,19344,4,卖盘
1259,11:17:09,48.36,9672,2,卖盘
1260,11:17:12,48.36,9672,2,卖盘
1261,11:17:18,48.35,4835,1,卖盘
1262,11:17:21,48.36,4836,1,买盘
1263,11:17:24,48.34,125690,26,卖盘
1264,11:17:27,48.34,9668,2,卖盘
1265,11:17:30,48.34,193360,40,卖盘
1266,11:17:33,48.33,9666,2,卖盘
1267,11:17:36,48.33,14499,3,卖盘
1268,11:17:39,48.33,9666,2,卖盘
1269,11:17:42,48.33,19332,4,卖盘
1270,11:17:45,48.33,24165,5,卖盘
1271,11:18:09,48.32,4832,1,买盘
1272,11:18:15,48.33,14497,3,买盘
1273,11:18:21,48.38,48372,10,买盘
1274,11:18:24,48.4,38718,8,买盘
1275,11:18:27,48.4,164560,34,买盘
1276,11:18:30,48.4,169400,35,买盘
1277,11:18:33,48.4,53240,11,买盘
1278,11:18:36,48.4,9680,2,买盘
1279,11:18:48,48.39,4839,1,卖盘
1280,11:19:06,48.4,9680,2,买盘
1281,11:19:21,48.39,4839,1,卖盘
1282,11:19:24,48.39,4839,1,卖盘
1283,11:19:27,48.39,154848,32,卖盘
1284,11:19:30,48.4,77428,16,买盘
1285,11:19:33,48.36,9672,2,卖盘
1286,11:19:36,48.36,82221,17,卖盘
1287,11:19:57,48.38,4838,1,买盘
1288,11:20:33,48.38,19352,4,买盘
1289,11:20:36,48.38,9676,2,买盘
1290,11:20:39,48.39,43551,9,买盘
1291,11:20:42,48.4,232354,48,买盘
1292,11:20:45,48.42,29052,6,买盘
1293,11:20:48,48.42,9684,2,买盘
1294,11:20:51,48.4,377641,78,卖盘
1295,11:21:00,48.39,4839,1,卖盘
1296,11:21:06,48.4,9680,2,卖盘
1297,11:21:18,48.4,9680,2,卖盘
1298,11:21:33,48.4,9680,2,买盘
1299,11:22:00,48.39,4839,1,卖盘
1300,11:22:03,48.4,9680,2,买盘
1301,11:22:06,48.4,67760,14,买盘
1302,11:22:09,48.4,14520,3,买盘
1303,11:22:24,48.4,9680,2,卖盘
1304,11:22:36,48.41,9682,2,卖盘
1305,11:22:45,48.4,38720,8,卖盘
1306,11:22:48,48.39,9678,2,卖盘
1307,11:22:57,48.42,24207,5,买盘
1308,11:23:18,48.4,9680,2,卖盘
1309,11:23:36,48.44,72650,15,买盘
1310,11:23:39,48.44,9688,2,买盘
1311,11:23:57,48.44,4844,1,买盘
1312,11:24:03,48.42,4842,1,卖盘
1313,11:24:06,48.44,4844,1,买盘
1314,11:24:33,48.45,159852,33,买盘
1315,11:24:39,48.45,38760,8,买盘
1316,11:24:57,48.43,4843,1,卖盘
1317,11:25:00,48.45,4845,1,买盘
1318,11:25:12,48.42,9685,2,卖盘
1319,11:25:15,48.41,19373,4,卖盘
1320,11:25:36,48.42,14526,3,买盘
1321,11:25:39,48.44,9688,2,中性盘
1322,11:25:42,48.45,203488,42,买盘
1323,11:25:45,48.44,542637,112,中性盘
1324,11:25:48,48.45,208335,43,买盘
1325,11:25:51,48.45,77520,16,买盘
1326,11:25:54,48.45,14535,3,买盘
1327,11:25:57,48.45,9690,2,买盘
1328,11:26:00,48.44,82348,17,卖盘
1329,11:26:03,48.44,77504,16,卖盘
1330,11:26:12,48.44,4844,1,买盘
1331,11:26:18,48.44,4844,1,买盘
1332,11:26:21,48.45,9690,2,买盘
1333,11:26:27,48.43,9686,2,卖盘
1334,11:26:42,48.42,24210,5,卖盘
1335,11:26:45,48.43,101684,21,买盘
1336,11:26:48,48.42,4842,1,买盘
1337,11:27:06,48.42,38736,8,买盘
1338,11:27:12,48.42,67788,14,买盘
1339,11:27:21,48.42,9684,2,买盘
1340,11:27:27,48.41,19366,4,卖盘
1341,11:27:30,48.41,4841,1,买盘
1342,11:27:33,48.4,4840,1,卖盘
1343,11:27:42,48.4,4840,1,卖盘
1344,11:27:45,48.4,29040,6,买盘
1345,11:27:57,48.39,19356,4,卖盘
1346,11:28:03,48.39,4839,1,卖盘
1347,11:28:06,48.39,43551,9,卖盘
1348,11:28:21,48.35,4835,1,卖盘
1349,11:28:30,48.35,9670,2,卖盘
1350,11:28:39,48.35,14505,3,卖盘
1351,11:28:48,48.38,1203945,249,买盘
1352,11:29:00,48.41,14523,3,买盘
1353,11:29:12,48.41,14523,3,买盘
1354,11:29:18,48.39,9678,2,卖盘
1355,11:29:33,48.39,4839,1,卖盘
1356,11:29:36,48.4,9680,2,买盘
1357,13:00:00,48.38,125770,26,卖盘
1358,13:00:03,48.38,77396,16,买盘
1359,13:00:09,48.32,19333,4,卖盘
1360,13:00:12,48.38,24188,5,买盘
1361,13:00:15,48.36,38710,8,中性盘
1362,13:00:18,48.4,48399,10,买盘
1363,13:00:21,48.41,33887,7,买盘
1364,13:00:24,48.4,9680,2,卖盘
1365,13:00:27,48.4,4840,1,卖盘
1366,13:00:30,48.43,9684,2,买盘
1367,13:00:33,48.41,72643,15,卖盘
1368,13:00:36,48.43,4843,1,买盘
1369,13:00:48,48.41,4841,1,卖盘
1370,13:01:06,48.42,9684,2,买盘
1371,13:01:12,48.42,4842,1,卖盘
1372,13:01:15,48.41,9682,2,卖盘
1373,13:01:18,48.41,29049,6,卖盘
1374,13:01:21,48.38,53222,11,卖盘
1375,13:01:24,48.38,9677,2,卖盘
1376,13:01:27,48.38,96760,20,卖盘
1377,13:01:30,48.36,4836,1,中性盘
1378,13:01:36,48.34,4834,1,卖盘
1379,13:01:48,48.36,14510,3,卖盘
1380,13:02:00,48.35,4835,1,卖盘
1381,13:02:15,48.35,4835,1,买盘
1382,13:02:27,48.34,24172,5,卖盘
1383,13:02:33,48.36,9671,2,买盘
1384,13:02:36,48.34,4834,1,卖盘
1385,13:02:48,48.34,4834,1,卖盘
1386,13:03:00,48.34,4834,1,卖盘
1387,13:03:09,48.34,4834,1,卖盘
1388,13:03:15,48.34,29004,6,卖盘
1389,13:03:21,48.35,48350,10,买盘
1390,13:03:24,48.32,19329,4,卖盘
1391,13:03:27,48.32,4832,1,卖盘
1392,13:03:30,48.35,9670,2,买盘
1393,13:03:33,48.32,33824,7,卖盘
1394,13:03:42,48.33,14499,3,卖盘
1395,13:03:51,48.32,48329,10,卖盘
1396,13:04:12,48.34,53174,11,卖盘
1397,13:04:30,48.34,4834,1,买盘
1398,13:04:45,48.34,9668,2,卖盘
1399,13:04:57,48.33,38664,8,卖盘
1400,13:05:03,48.32,28992,6,卖盘
1401,13:05:06,48.31,33817,7,卖盘
1402,13:05:09,48.31,9662,2,卖盘
1403,13:05:15,48.31,4831,1,卖盘
1404,13:05:27,48.31,9662,2,卖盘
1405,13:05:30,48.32,9664,2,买盘
1406,13:05:33,48.31,444678,92,卖盘
1407,13:05:42,48.4,4840,1,买盘
1408,13:06:18,48.39,14514,3,买盘
1409,13:06:21,48.4,14520,3,买盘
1410,13:06:24,48.43,14529,3,买盘
1411,13:06:27,48.4,4840,1,卖盘
1412,13:06:30,48.43,154976,32,买盘
1413,13:06:33,48.43,9686,2,买盘
1414,13:06:36,48.43,72645,15,买盘
1415,13:06:45,48.44,9688,2,买盘
1416,13:06:54,48.45,4845,1,买盘
1417,13:07:00,48.45,4845,1,买盘
1418,13:07:18,48.44,9688,2,卖盘
1419,13:07:21,48.45,38754,8,买盘
1420,13:07:27,48.44,150107,31,中性盘
1421,13:07:42,48.43,4843,1,买盘
1422,13:07:45,48.43,4843,1,卖盘
1423,13:08:03,48.39,198441,41,卖盘
1424,13:08:42,48.45,48433,10,买盘
1425,13:08:51,48.45,4845,1,买盘
1426,13:08:54,48.45,4845,1,买盘
1427,13:08:57,48.45,72675,15,买盘
1428,13:09:12,48.45,67830,14,买盘
1429,13:09:15,48.41,4841,1,卖盘
1430,13:09:24,48.44,87209,18,中性盘
1431,13:09:27,48.44,19373,4,买盘
1432,13:09:30,48.45,242250,50,买盘
1433,13:09:33,48.46,247115,51,买盘
1434,13:09:36,48.48,82414,17,买盘
1435,13:09:45,48.48,14544,3,买盘
1436,13:09:48,48.48,286032,59,买盘
1437,13:09:54,48.46,14538,3,卖盘
1438,13:09:57,48.45,4845,1,卖盘
1439,13:10:00,48.39,353519,73,卖盘
1440,13:10:33,48.4,24200,5,卖盘
1441,13:10:45,48.39,14517,3,卖盘
1442,13:11:21,48.45,9690,2,买盘
1443,13:11:33,48.4,9680,2,卖盘
1444,13:11:39,48.39,4839,1,卖盘
1445,13:11:48,48.39,48392,10,卖盘
1446,13:11:51,48.41,24197,5,买盘
1447,13:11:57,48.39,33873,7,卖盘
1448,13:12:03,48.38,266142,55,卖盘
1449,13:12:06,48.37,4837,1,卖盘
1450,13:12:12,48.38,33860,7,买盘
1451,13:12:18,48.35,120924,25,卖盘
1452,13:12:21,48.36,4836,1,买盘
1453,13:12:27,48.35,4835,1,卖盘
1454,13:12:42,48.35,24177,5,卖盘
1455,13:12:48,48.35,9670,2,卖盘
1456,13:13:00,48.35,4835,1,卖盘
1457,13:13:06,48.35,4835,1,卖盘
1458,13:13:12,48.35,256254,53,卖盘
1459,13:13:30,48.34,4834,1,卖盘
1460,13:13:39,48.33,154674,32,卖盘
1461,13:13:57,48.33,246220,51,买盘
1462,13:14:00,48.29,9658,2,卖盘
1463,13:14:03,48.3,19319,4,中性盘
1464,13:14:06,48.3,4830,1,卖盘
1465,13:14:09,48.3,9660,2,卖盘
1466,13:14:12,48.29,4829,1,中性盘
1467,13:14:18,48.3,4830,1,卖盘
1468,13:14:24,48.3,4830,1,卖盘
1469,13:14:42,48.3,9660,2,卖盘
1470,13:14:45,48.3,9660,2,中性盘
1471,13:14:48,48.31,9661,2,中性盘
1472,13:14:54,48.32,4832,1,中性盘
1473,13:15:06,48.37,4837,1,中性盘
1474,13:15:09,48.41,24204,5,买盘
1475,13:15:12,48.45,29068,6,买盘
1476,13:15:15,48.48,67868,14,买盘
1477,13:15:18,48.42,4842,1,卖盘
1478,13:15:27,48.42,4842,1,卖盘
1479,13:15:33,48.44,4844,1,买盘
1480,13:15:36,48.42,14530,3,卖盘
1481,13:15:48,48.42,14526,3,卖盘
1482,13:15:51,48.42,14526,3,买盘
1483,13:15:54,48.42,62946,13,买盘
1484,13:16:00,48.43,24217,5,卖盘
1485,13:16:06,48.42,4842,1,卖盘
1486,13:16:09,48.42,4842,1,卖盘
1487,13:16:12,48.42,43578,9,卖盘
1488,13:16:15,48.44,72650,15,买盘
1489,13:16:30,48.43,9686,2,中性盘
1490,13:16:51,48.42,29052,6,卖盘
1491,13:16:54,48.42,19368,4,卖盘
1492,13:16:57,48.42,4842,1,卖盘
1493,13:17:00,48.42,9684,2,卖盘
1494,13:17:03,48.44,14529,3,买盘
1495,13:17:06,48.41,24208,5,卖盘
1496,13:17:15,48.41,9682,2,卖盘
1497,13:17:21,48.41,43569,9,卖盘
1498,13:17:24,48.41,4841,1,卖盘
1499,13:17:27,48.41,4841,1,卖盘
1500,13:17:33,48.41,4841,1,卖盘
1501,13:17:39,48.41,9682,2,卖盘
1502,13:17:42,48.41,24205,5,卖盘
1503,13:17:45,48.4,4840,1,卖盘
1504,13:17:48,48.41,19363,4,买盘
1505,13:17:51,48.4,4840,1,卖盘
1506,13:18:27,48.4,4840,1,卖盘
1507,13:18:30,48.41,9682,2,买盘
1508,13:18:33,48.43,62956,13,买盘
1509,13:18:51,48.43,9686,2,卖盘
1510,13:18:54,48.43,14531,3,中性盘
1511,13:18:57,48.43,188877,39,卖盘
1512,13:19:00,48.43,19372,4,买盘
1513,13:19:15,48.42,9684,2,卖盘
1514,13:19:21,48.42,4842,1,卖盘
1515,13:19:24,48.43,4843,1,买盘
1516,13:19:27,48.46,363240,75,买盘
1517,13:19:33,48.47,4847,1,买盘
1518,13:19:57,48.47,48470,10,买盘
1519,13:20:00,48.48,72708,15,买盘
1520,13:20:06,48.45,24225,5,卖盘
1521,13:20:15,48.45,4845,1,卖盘
1522,13:20:18,48.45,4845,1,卖盘
1523,13:20:27,48.48,77568,16,买盘
1524,13:20:33,48.47,4847,1,卖盘
1525,13:20:45,48.47,4847,1,卖盘
1526,13:20:51,48.47,9694,2,卖盘
1527,13:20:57,48.46,4846,1,卖盘
1528,13:21:03,48.46,4846,1,卖盘
1529,13:21:45,48.46,29076,6,卖盘
1530,13:21:48,48.46,4846,1,中性盘
1531,13:21:54,48.46,4846,1,卖盘
1532,13:22:03,48.46,4846,1,中性盘
1533,13:22:06,48.45,14535,3,卖盘
1534,13:22:18,48.47,77550,16,买盘
1535,13:22:39,48.45,9690,2,卖盘
1536,13:22:42,48.45,33915,7,卖盘
1537,13:22:45,48.45,4845,1,卖盘
1538,13:22:48,48.45,4845,1,卖盘
1539,13:22:57,48.45,24225,5,卖盘
1540,13:23:24,48.44,48440,10,买盘
1541,13:23:27,48.44,33908,7,买盘
1542,13:23:30,48.46,62995,13,买盘
1543,13:23:33,48.47,72705,15,买盘
1544,13:23:36,48.47,67858,14,买盘
1545,13:23:51,48.47,436230,90,买盘
1546,13:23:54,48.47,67858,14,买盘
1547,13:23:57,48.47,121167,25,买盘
1548,13:24:00,48.47,19388,4,买盘
1549,13:24:03,48.47,9694,2,买盘
1550,13:24:12,48.46,353758,73,卖盘
1551,13:24:24,48.46,43614,9,卖盘
1552,13:24:27,48.47,53317,11,买盘
1553,13:24:33,48.46,4846,1,卖盘
1554,13:24:39,48.46,4846,1,卖盘
1555,13:24:42,48.46,101766,21,卖盘
1556,13:24:45,48.46,67844,14,卖盘
1557,13:24:51,48.46,14536,3,买盘
1558,13:25:00,48.45,9690,2,中性盘
1559,13:25:36,48.43,4843,1,卖盘
1560,13:25:54,48.43,4843,1,卖盘
1561,13:26:12,48.46,155069,32,买盘
1562,13:26:18,48.44,4844,1,卖盘
1563,13:26:27,48.46,48459,10,买盘
1564,13:26:30,48.47,135716,28,买盘
1565,13:26:36,48.44,4844,1,卖盘
1566,13:26:57,48.47,9693,2,买盘
1567,13:27:00,48.43,208253,43,卖盘
1568,13:27:03,48.43,29058,6,买盘
1569,13:27:21,48.43,290580,60,买盘
1570,13:27:24,48.47,14541,3,买盘
1571,13:27:30,48.48,1570460,324,买盘
1572,13:27:33,48.49,19393,4,买盘
1573,13:27:36,48.5,237624,49,买盘
1574,13:27:39,48.5,19400,4,买盘
1575,13:27:42,48.5,203700,42,买盘
1576,13:27:45,48.5,232800,48,买盘
1577,13:27:48,48.5,67900,14,买盘
1578,13:27:51,48.5,14550,3,买盘
1579,13:27:57,48.5,9700,2,买盘
1580,13:28:00,48.49,247325,51,卖盘
1581,13:28:03,48.5,9700,2,买盘
1582,13:28:06,48.5,9700,2,买盘
1583,13:28:09,48.5,4850,1,买盘
1584,13:28:12,48.5,24250,5,买盘
1585,13:28:15,48.5,208550,43,买盘
1586,13:28:18,48.5,974850,201,买盘
1587,13:28:21,48.5,140650,29,买盘
1588,13:28:27,48.49,4849,1,卖盘
1589,13:28:33,48.5,24250,5,买盘
1590,13:28:42,48.5,4850,1,买盘
1591,13:28:45,48.5,4850,1,买盘
1592,13:28:51,48.5,19400,4,买盘
1593,13:29:00,48.5,4850,1,买盘
1594,13:29:03,48.5,4850,1,买盘
1595,13:29:06,48.5,9700,2,买盘
1596,13:29:09,48.49,19396,4,卖盘
1597,13:29:27,48.5,9700,2,买盘
1598,13:29:36,48.5,4850,1,买盘
1599,13:29:51,48.49,4849,1,卖盘
1600,13:29:57,48.5,19400,4,买盘
1601,13:30:00,48.5,9700,2,买盘
1602,13:30:03,48.5,4850,1,买盘
1603,13:30:06,48.5,24250,5,买盘
1604,13:30:09,48.51,130957,27,买盘
1605,13:30:12,48.51,9702,2,买盘
1606,13:30:15,48.5,14553,3,中性盘
1607,13:30:18,48.53,101896,21,买盘
1608,13:30:21,48.54,33976,7,买盘
1609,13:30:24,48.55,213620,44,买盘
1610,13:30:30,48.57,24285,5,买盘
1611,13:30:33,48.57,14571,3,买盘
1612,13:30:36,48.57,4857,1,买盘
1613,13:30:39,48.57,29142,6,买盘
1614,13:30:57,48.57,14571,3,买盘
1615,13:31:03,48.56,24280,5,卖盘
1616,13:31:09,48.56,63128,13,卖盘
1617,13:31:12,48.54,67956,14,卖盘
1618,13:31:18,48.54,9708,2,卖盘
1619,13:31:24,48.54,19416,4,卖盘
1620,13:31:27,48.55,9710,2,卖盘
1621,13:31:39,48.54,9708,2,卖盘
1622,13:31:45,48.55,53381,11,中性盘
1623,13:31:48,48.54,9708,2,买盘
1624,13:31:57,48.55,14565,3,买盘
1625,13:32:03,48.56,4856,1,买盘
1626,13:32:12,48.56,9712,2,买盘
1627,13:32:18,48.56,24280,5,买盘
1628,13:32:21,48.57,9714,2,买盘
1629,13:32:24,48.56,38853,8,卖盘
1630,13:32:27,48.56,19424,4,卖盘
1631,13:32:33,48.56,4856,1,卖盘
1632,13:32:57,48.55,19420,4,卖盘
1633,13:33:09,48.54,9708,2,卖盘
1634,13:33:15,48.55,4855,1,买盘
1635,13:33:21,48.54,9708,2,卖盘
1636,13:33:24,48.54,82518,17,卖盘
1637,13:33:33,48.52,9704,2,卖盘
1638,13:33:48,48.54,9708,2,卖盘
1639,13:34:09,48.55,4855,1,买盘
1640,13:34:27,48.53,24268,5,卖盘
1641,13:34:45,48.53,14559,3,卖盘
1642,13:34:48,48.53,184497,38,卖盘
1643,13:35:00,48.56,9712,2,买盘
1644,13:35:33,48.55,9710,2,买盘
1645,13:35:42,48.55,14565,3,买盘
1646,13:35:45,48.55,9710,2,买盘
1647,13:35:48,48.56,19424,4,买盘
1648,13:35:57,48.56,33992,7,买盘
1649,13:36:09,48.58,111723,23,买盘
1650,13:36:12,48.58,354634,73,买盘
1651,13:36:15,48.58,106876,22,买盘
1652,13:36:18,48.6,48597,10,买盘
1653,13:36:21,48.6,9720,2,买盘
1654,13:36:27,48.6,72900,15,买盘
1655,13:36:33,48.6,29160,6,买盘
1656,13:36:36,48.59,43733,9,卖盘
1657,13:36:42,48.6,9720,2,买盘
1658,13:36:57,48.59,9718,2,卖盘
1659,13:37:03,48.56,82583,17,卖盘
1660,13:37:12,48.55,4855,1,卖盘
1661,13:37:18,48.55,4855,1,买盘
1662,13:37:24,48.55,82598,17,卖盘
1663,13:37:27,48.54,19416,4,卖盘
1664,13:37:33,48.54,14567,3,卖盘
1665,13:37:36,48.54,19416,4,卖盘
1666,13:37:42,48.58,9716,2,买盘
1667,13:37:51,48.6,97194,20,买盘
1668,13:38:09,48.54,14562,3,卖盘
1669,13:38:24,48.58,9716,2,买盘
1670,13:38:27,48.58,24290,5,买盘
1671,13:38:45,48.56,9712,2,中性盘
1672,13:39:00,48.55,4855,1,卖盘
1673,13:39:06,48.55,4855,1,卖盘
1674,13:39:09,48.55,14565,3,买盘
1675,13:39:21,48.55,4855,1,卖盘
1676,13:39:30,48.55,4855,1,卖盘
1677,13:39:39,48.55,24275,5,卖盘
1678,13:40:06,48.6,155518,32,买盘
1679,13:40:09,48.6,48600,10,买盘
1680,13:40:12,48.6,4860,1,买盘
1681,13:40:33,48.6,4860,1,买盘
1682,13:40:36,48.6,9720,2,买盘
1683,13:40:39,48.6,29160,6,买盘
1684,13:40:45,48.6,34020,7,买盘
1685,13:40:51,48.6,24300,5,买盘
1686,13:40:54,48.6,14580,3,买盘
1687,13:40:57,48.6,34029,7,卖盘
1688,13:41:03,48.6,9720,2,买盘
1689,13:41:06,48.65,14588,3,买盘
1690,13:41:09,48.6,19440,4,卖盘
1691,13:41:12,48.59,48590,10,卖盘
1692,13:41:24,48.6,14580,3,买盘
1693,13:41:27,48.6,4860,1,买盘
1694,13:41:30,48.6,19438,4,中性盘
1695,13:41:36,48.6,4860,1,买盘
1696,13:41:39,48.61,53464,11,买盘
1697,13:41:51,48.57,131161,27,卖盘
1698,13:41:54,48.54,189354,39,卖盘
1699,13:42:57,48.54,4854,1,买盘
1700,13:43:03,48.55,19422,4,中性盘
1701,13:43:15,48.54,19416,4,卖盘
1702,13:43:21,48.52,9704,2,卖盘
1703,13:43:54,48.52,9704,2,卖盘
1704,13:44:00,48.53,9706,2,中性盘
1705,13:44:03,48.54,24270,5,买盘
1706,13:44:06,48.59,58284,12,买盘
1707,13:44:12,48.6,53458,11,买盘
1708,13:44:18,48.6,9720,2,买盘
1709,13:44:27,48.6,14578,3,买盘
1710,13:44:30,48.6,24300,5,买盘
1711,13:44:33,48.59,58308,12,卖盘
1712,13:44:36,48.6,38880,8,买盘
1713,13:44:39,48.58,4858,1,卖盘
1714,13:44:51,48.58,48580,10,卖盘
1715,13:44:57,48.57,58286,12,卖盘
1716,13:45:18,48.56,48560,10,卖盘
1717,13:45:27,48.57,9714,2,买盘
1718,13:45:30,48.57,4857,1,买盘
1719,13:45:33,48.6,48600,10,买盘
1720,13:45:48,48.58,242962,50,卖盘
1721,13:45:51,48.58,38864,8,买盘
1722,13:46:00,48.6,34020,7,买盘
1723,13:46:03,48.63,126335,26,买盘
1724,13:46:06,48.56,111708,23,卖盘
1725,13:46:21,48.59,4859,1,买盘
1726,13:46:27,48.6,9720,2,买盘
1727,13:47:12,48.57,24285,5,卖盘
1728,13:47:15,48.57,9714,2,买盘
1729,13:47:27,48.58,68012,14,卖盘
1730,13:47:30,48.58,9716,2,买盘
1731,13:47:36,48.58,24290,5,买盘
1732,13:47:42,48.59,72883,15,买盘
1733,13:47:45,48.6,72900,15,买盘
1734,13:48:00,48.58,9716,2,卖盘
1735,13:48:06,48.58,9716,2,中性盘
1736,13:48:24,48.59,38872,8,中性盘
1737,13:48:27,48.6,87480,18,买盘
1738,13:48:30,48.58,58316,12,卖盘
1739,13:48:33,48.63,34023,7,买盘
1740,13:48:36,48.6,43748,9,卖盘
1741,13:48:39,48.6,38880,8,卖盘
1742,13:48:45,48.6,9720,2,买盘
1743,13:48:48,48.6,29160,6,买盘
1744,13:48:51,48.6,9720,2,卖盘
1745,13:48:57,48.6,4860,1,买盘
1746,13:49:18,48.6,9720,2,买盘
1747,13:49:21,48.59,92322,19,卖盘
1748,13:49:24,48.6,34019,7,买盘
1749,13:49:27,48.6,97206,20,卖盘
1750,13:49:30,48.59,38872,8,卖盘
1751,13:49:42,48.59,4859,1,买盘
1752,13:49:45,48.58,4858,1,卖盘
1753,13:50:09,48.59,77742,16,买盘
1754,13:50:12,48.58,29150,6,卖盘
1755,13:50:15,48.59,19435,4,买盘
1756,13:50:18,48.59,58308,12,买盘
1757,13:50:21,48.6,19440,4,买盘
1758,13:50:42,48.6,48600,10,买盘
1759,13:50:45,48.6,14580,3,买盘
1760,13:50:51,48.6,9720,2,买盘
1761,13:50:54,48.6,9720,2,买盘
1762,13:50:57,48.6,19440,4,买盘
1763,13:51:03,48.6,106920,22,买盘
1764,13:51:06,48.6,34020,7,买盘
1765,13:51:12,48.6,38880,8,买盘
1766,13:51:15,48.6,9720,2,卖盘
1767,13:51:21,48.6,4860,1,买盘
1768,13:51:27,48.62,29164,6,买盘
1769,13:51:30,48.6,38880,8,卖盘
1770,13:51:33,48.6,34020,7,卖盘
1771,13:51:36,48.6,14580,3,卖盘
1772,13:51:42,48.6,19440,4,买盘
1773,13:51:45,48.6,38880,8,卖盘
1774,13:51:48,48.6,38880,8,卖盘
1775,13:51:51,48.62,19448,4,买盘
1776,13:52:03,48.6,19440,4,买盘
1777,13:52:06,48.6,58320,12,买盘
1778,13:52:09,48.6,24300,5,卖盘
1779,13:52:15,48.62,4862,1,买盘
1780,13:52:24,48.62,4862,1,卖盘
1781,13:52:27,48.64,9728,2,买盘
1782,13:52:33,48.61,9722,2,卖盘
1783,13:52:36,48.64,9728,2,买盘
1784,13:52:39,48.64,19456,4,买盘
1785,13:52:42,48.64,4864,1,中性盘
1786,13:52:51,48.66,87573,18,买盘
1787,13:52:54,48.67,72991,15,买盘
1788,13:53:00,48.67,588874,121,买盘
1789,13:53:12,48.62,24312,5,卖盘
1790,13:53:15,48.66,14598,3,买盘
1791,13:53:45,48.65,4865,1,买盘
1792,13:54:06,48.63,9726,2,中性盘
1793,13:54:36,48.65,72974,15,买盘
1794,13:54:39,48.62,29178,6,卖盘
1795,13:55:03,48.61,4861,1,中性盘
1796,13:55:12,48.61,4861,1,卖盘
1797,13:55:27,48.61,4861,1,买盘
1798,13:55:30,48.62,38896,8,买盘
1799,13:55:33,48.66,87582,18,买盘
1800,13:55:39,48.66,9732,2,买盘
1801,13:55:48,48.62,34034,7,卖盘
1802,13:56:18,48.62,9724,2,卖盘
1803,13:56:21,48.63,14589,3,中性盘
1804,13:56:27,48.62,29179,6,卖盘
1805,13:56:30,48.62,19448,4,买盘
1806,13:56:36,48.62,155584,32,买盘
1807,13:56:39,48.62,38896,8,买盘
1808,13:56:42,48.62,48618,10,买盘
1809,13:56:48,48.63,24315,5,买盘
1810,13:57:00,48.63,4863,1,卖盘
1811,13:57:06,48.65,4865,1,买盘
1812,13:57:09,48.66,77855,16,买盘
1813,13:57:33,48.64,14592,3,卖盘
1814,13:57:36,48.63,34041,7,卖盘
1815,13:58:03,48.58,345103,71,卖盘
1816,13:58:15,48.59,38871,8,买盘
1817,13:58:21,48.59,24297,5,卖盘
1818,13:58:24,48.6,4860,1,买盘
1819,13:58:27,48.6,14580,3,买盘
1820,13:58:36,48.6,14580,3,卖盘
1821,13:58:42,48.64,9728,2,买盘
1822,13:58:48,48.64,9728,2,买盘
1823,13:59:00,48.64,53504,11,买盘
1824,13:59:06,48.64,14592,3,买盘
1825,13:59:15,48.66,505888,104,买盘
1826,13:59:18,48.66,180042,37,买盘
1827,13:59:21,48.68,87607,18,买盘
1828,13:59:24,48.67,77880,16,卖盘
1829,13:59:27,48.64,1381831,284,卖盘
1830,13:59:30,48.65,14595,3,买盘
1831,13:59:33,48.65,4865,1,买盘
1832,13:59:45,48.6,19445,4,卖盘
1833,13:59:54,48.6,9720,2,卖盘
1834,14:00:12,48.64,4864,1,中性盘
1835,14:00:27,48.6,9720,2,卖盘
1836,14:00:42,48.57,213768,44,卖盘
1837,14:00:45,48.56,4856,1,卖盘
1838,14:00:48,48.57,14571,3,卖盘
1839,14:01:48,48.55,48561,10,卖盘
1840,14:01:51,48.54,116507,24,卖盘
1841,14:01:57,48.54,43686,9,卖盘
1842,14:02:06,48.54,14562,3,卖盘
1843,14:02:09,48.5,4850,1,卖盘
1844,14:02:12,48.51,19403,4,买盘
1845,14:02:15,48.54,67950,14,买盘
1846,14:02:18,48.51,9702,2,卖盘
1847,14:02:27,48.5,9704,2,卖盘
1848,14:02:33,48.54,9708,2,买盘
1849,14:02:45,48.54,9704,2,中性盘
1850,14:02:48,48.5,14558,3,卖盘
1851,14:02:54,48.5,4850,1,卖盘
1852,14:03:09,48.52,4852,1,卖盘
1853,14:03:15,48.53,9706,2,买盘
1854,14:03:18,48.53,43677,9,中性盘
1855,14:03:21,48.51,19406,4,卖盘
1856,14:03:24,48.5,24258,5,卖盘
1857,14:03:27,48.5,4850,1,卖盘
1858,14:03:39,48.5,4850,1,卖盘
1859,14:03:42,48.5,14552,3,卖盘
1860,14:03:45,48.5,9700,2,卖盘
1861,14:03:48,48.5,14550,3,卖盘
1862,14:03:51,48.49,14548,3,卖盘
1863,14:03:54,48.54,24257,5,买盘
1864,14:04:09,48.54,9703,2,买盘
1865,14:04:33,48.54,24270,5,买盘
1866,14:04:36,48.55,19420,4,买盘
1867,14:04:39,48.51,4851,1,中性盘
1868,14:05:12,48.52,29112,6,卖盘
1869,14:05:15,48.53,14559,3,卖盘
1870,14:05:33,48.51,58212,12,卖盘
1871,14:05:36,48.51,72765,15,卖盘
1872,14:05:45,48.51,4851,1,买盘
1873,14:05:48,48.51,19407,4,卖盘
1874,14:05:51,48.52,82484,17,买盘
1875,14:05:54,48.53,9706,2,买盘
1876,14:05:57,48.55,4855,1,买盘
1877,14:06:09,48.53,4853,1,卖盘
1878,14:06:18,48.54,24270,5,卖盘
1879,14:06:21,48.49,446363,92,卖盘
1880,14:06:24,48.45,14539,3,卖盘
1881,14:06:27,48.45,9688,2,买盘
1882,14:06:39,48.45,4845,1,卖盘
1883,14:07:06,48.5,4850,1,买盘
1884,14:07:09,48.51,19404,4,买盘
1885,14:07:12,48.52,4852,1,买盘
1886,14:07:15,48.55,82490,17,买盘
1887,14:07:24,48.52,4852,1,卖盘
1888,14:07:27,48.53,14559,3,卖盘
1889,14:07:30,48.55,4855,1,中性盘
1890,14:08:06,48.54,14562,3,买盘
1891,14:08:15,48.51,43665,9,卖盘
1892,14:08:18,48.51,77616,16,卖盘
1893,14:08:21,48.49,19397,4,卖盘
1894,14:08:24,48.47,67884,14,卖盘
1895,14:08:30,48.45,19384,4,卖盘
1896,14:08:36,48.45,9690,2,卖盘
1897,14:08:51,48.45,4845,1,卖盘
1898,14:08:57,48.45,14535,3,卖盘
1899,14:09:06,48.44,4844,1,卖盘
1900,14:09:15,48.44,14532,3,卖盘
1901,14:09:30,48.4,285647,59,卖盘
1902,14:09:42,48.39,33873,7,买盘
1903,14:09:48,48.38,14514,3,卖盘
1904,14:09:54,48.36,14511,3,卖盘
1905,14:10:06,48.36,43524,9,卖盘
1906,14:10:12,48.37,9674,2,买盘
1907,14:10:15,48.38,4838,1,买盘
1908,14:11:03,48.36,19347,4,卖盘
1909,14:11:06,48.36,14508,3,卖盘
1910,14:11:09,48.36,24182,5,卖盘
1911,14:11:12,48.35,14505,3,卖盘
1912,14:11:24,48.37,4837,1,买盘
1913,14:11:27,48.37,4837,1,卖盘
1914,14:11:33,48.37,24185,5,卖盘
1915,14:12:21,48.35,4835,1,卖盘
1916,14:12:27,48.35,38680,8,卖盘
1917,14:12:30,48.35,9670,2,中性盘
1918,14:12:36,48.34,9668,2,卖盘
1919,14:12:39,48.34,62842,13,卖盘
1920,14:12:45,48.32,62816,13,卖盘
1921,14:12:48,48.32,14496,3,卖盘
1922,14:12:57,48.34,9668,2,买盘
1923,14:13:00,48.33,14499,3,中性盘
1924,14:13:06,48.33,9666,2,中性盘
1925,14:13:09,48.34,38672,8,买盘
1926,14:13:12,48.34,67683,14,中性盘
1927,14:13:15,48.35,4835,1,中性盘
1928,14:13:24,48.35,38683,8,卖盘
1929,14:13:33,48.35,4835,1,卖盘
1930,14:13:39,48.35,9670,2,卖盘
1931,14:13:48,48.35,24175,5,卖盘
1932,14:14:06,48.35,120853,25,买盘
1933,14:14:12,48.34,4834,1,卖盘
1934,14:14:15,48.37,53186,11,买盘
1935,14:14:27,48.44,96784,20,买盘
1936,14:14:30,48.38,4838,1,卖盘
1937,14:14:39,48.42,4842,1,买盘
1938,14:14:42,48.43,4843,1,买盘
1939,14:14:45,48.43,9686,2,买盘
1940,14:14:48,48.44,4844,1,买盘
1941,14:14:54,48.42,19368,4,卖盘
1942,14:15:15,48.41,19364,4,卖盘
1943,14:15:18,48.42,9684,2,买盘
1944,14:15:21,48.43,14529,3,买盘
1945,14:15:24,48.45,24225,5,买盘
1946,14:15:27,48.46,203624,42,卖盘
1947,14:15:30,48.44,9688,2,卖盘
1948,14:15:33,48.49,72732,15,买盘
1949,14:15:36,48.5,14550,3,买盘
1950,14:15:39,48.48,4848,1,中性盘
1951,14:16:00,48.47,14541,3,买盘
1952,14:16:03,48.45,9690,2,卖盘
1953,14:16:06,48.47,9694,2,买盘
1954,14:16:18,48.45,19380,4,卖盘
1955,14:16:21,48.43,38749,8,卖盘
1956,14:16:24,48.43,4843,1,卖盘
1957,14:16:27,48.4,227591,47,卖盘
1958,14:16:33,48.39,4839,1,卖盘
1959,14:16:36,48.4,14520,3,买盘
1960,14:16:45,48.39,62907,13,卖盘
1961,14:16:51,48.37,4837,1,买盘
1962,14:16:57,48.37,19348,4,卖盘
1963,14:17:33,48.37,19348,4,买盘
1964,14:17:39,48.37,24185,5,买盘
1965,14:17:51,48.39,24195,5,买盘
1966,14:17:57,48.39,14517,3,买盘
1967,14:18:03,48.39,14517,3,买盘
1968,14:18:06,48.38,9676,2,卖盘
1969,14:18:18,48.38,58064,12,卖盘
1970,14:18:27,48.38,77408,16,卖盘
1971,14:18:30,48.37,43533,9,卖盘
1972,14:18:33,48.37,4837,1,卖盘
1973,14:18:39,48.36,29019,6,卖盘
1974,14:18:45,48.38,4838,1,买盘
1975,14:18:51,48.39,4839,1,买盘
1976,14:19:00,48.41,14521,3,买盘
1977,14:19:18,48.39,14517,3,卖盘
1978,14:19:24,48.42,9683,2,买盘
1979,14:19:36,48.43,38743,8,买盘
1980,14:19:39,48.43,29053,6,买盘
1981,14:19:42,48.43,62970,13,买盘
1982,14:19:57,48.4,14523,3,卖盘
1983,14:20:12,48.42,9684,2,买盘
1984,14:20:15,48.41,38728,8,中性盘
1985,14:20:18,48.43,67797,14,买盘
1986,14:20:24,48.42,14524,3,中性盘
1987,14:20:27,48.42,9684,2,买盘
1988,14:20:30,48.45,9690,2,买盘
1989,14:20:39,48.42,14526,3,中性盘
1990,14:20:48,48.41,14523,3,卖盘
1991,14:20:51,48.4,4840,1,卖盘
1992,14:20:54,48.42,4842,1,买盘
1993,14:21:03,48.39,4839,1,卖盘
1994,14:21:09,48.38,101669,21,卖盘
1995,14:21:27,48.4,24196,5,买盘
1996,14:21:30,48.4,9680,2,买盘
1997,14:21:33,48.39,24191,5,中性盘
1998,14:21:36,48.39,4839,1,买盘
1999,14:21:39,48.38,14516,3,卖盘
2000,14:21:48,48.38,14514,3,卖盘
2001,14:22:00,48.4,33878,7,买盘
2002,14:22:18,48.39,9678,2,卖盘
2003,14:22:21,48.41,9681,2,买盘
2004,14:22:24,48.38,33870,7,卖盘
2005,14:22:30,48.39,19356,4,中性盘
2006,14:22:33,48.37,77408,16,卖盘
2007,14:22:36,48.38,4838,1,中性盘
2008,14:22:39,48.38,9676,2,卖盘
2009,14:22:45,48.39,14517,3,买盘
2010,14:22:48,48.39,4839,1,买盘
2011,14:22:51,48.4,4840,1,买盘
2012,14:23:03,48.41,9682,2,买盘
2013,14:23:09,48.4,24203,5,卖盘
2014,14:23:15,48.38,91957,19,卖盘
2015,14:23:18,48.4,67744,14,中性盘
2016,14:23:21,48.36,24185,5,卖盘
2017,14:23:24,48.36,62868,13,卖盘
2018,14:23:30,48.35,9672,2,卖盘
2019,14:23:36,48.35,101487,21,卖盘
2020,14:23:39,48.34,9668,2,中性盘
2021,14:23:45,48.34,9668,2,买盘
2022,14:23:48,48.35,4835,1,买盘
2023,14:23:51,48.35,19342,4,卖盘
2024,14:23:54,48.34,53184,11,卖盘
2025,14:23:57,48.38,14513,3,买盘
2026,14:24:00,48.32,67685,14,卖盘
2027,14:24:03,48.32,14498,3,卖盘
2028,14:24:06,48.31,77308,16,卖盘
2029,14:24:09,48.31,14495,3,卖盘
2030,14:24:12,48.33,33830,7,买盘
2031,14:24:15,48.28,9656,2,卖盘
2032,14:24:21,48.32,9661,2,买盘
2033,14:24:27,48.29,4829,1,卖盘
2034,14:24:33,48.3,91776,19,卖盘
2035,14:24:36,48.3,19320,4,中性盘
2036,14:24:39,48.29,217305,45,卖盘
2037,14:24:48,48.3,28975,6,买盘
2038,14:25:09,48.32,24158,5,买盘
2039,14:25:12,48.33,19332,4,买盘
2040,14:25:18,48.32,43488,9,卖盘
2041,14:25:24,48.33,4833,1,买盘
2042,14:25:27,48.32,115968,24,卖盘
2043,14:25:30,48.33,4833,1,买盘
2044,14:25:36,48.33,4833,1,买盘
2045,14:25:39,48.32,33825,7,卖盘
2046,14:25:48,48.35,4835,1,买盘
2047,14:25:51,48.33,116026,24,中性盘
2048,14:25:54,48.37,9673,2,买盘
2049,14:26:00,48.37,4837,1,买盘
2050,14:26:03,48.37,14511,3,中性盘
2051,14:26:06,48.37,9674,2,买盘
2052,14:26:12,48.37,9674,2,买盘
2053,14:26:24,48.35,91865,19,买盘
2054,14:26:30,48.32,33826,7,卖盘
2055,14:26:39,48.34,4834,1,买盘
2056,14:26:48,48.33,24167,5,卖盘
2057,14:27:00,48.32,72482,15,卖盘
2058,14:27:03,48.32,33824,7,买盘
2059,14:27:06,48.36,9671,2,买盘
2060,14:27:09,48.36,91884,19,买盘
2061,14:27:12,48.35,323997,67,卖盘
2062,14:27:15,48.35,24179,5,卖盘
2063,14:27:21,48.35,72525,15,买盘
2064,14:27:42,48.34,33840,7,卖盘
2065,14:27:45,48.34,33838,7,卖盘
2066,14:27:48,48.33,96665,20,卖盘
2067,14:27:51,48.31,67634,14,卖盘
2068,14:27:54,48.28,173848,36,卖盘
2069,14:27:57,48.27,67586,14,卖盘
2070,14:28:00,48.24,135119,28,卖盘
2071,14:28:03,48.2,53024,11,卖盘
2072,14:28:06,48.22,53044,11,买盘
2073,14:28:09,48.23,33761,7,中性盘
2074,14:28:12,48.24,38592,8,中性盘
2075,14:28:15,48.23,144719,30,卖盘
2076,14:28:18,48.22,33754,7,卖盘
2077,14:28:21,48.22,38578,8,卖盘
2078,14:28:24,48.25,250900,52,买盘
2079,14:28:27,48.22,57867,12,卖盘
2080,14:28:30,48.24,38578,8,中性盘
2081,14:28:33,48.22,38576,8,卖盘
2082,14:28:36,48.22,38576,8,卖盘
2083,14:28:42,48.22,77152,16,卖盘
2084,14:28:45,48.22,43405,9,卖盘
2085,14:28:48,48.2,62673,13,卖盘
2086,14:28:51,48.2,48208,10,卖盘
2087,14:28:54,48.2,81940,17,卖盘
2088,14:28:57,48.24,48194,10,买盘
2089,14:29:00,48.18,33730,7,卖盘
2090,14:29:06,48.23,43367,9,中性盘
2091,14:29:09,48.19,19276,4,卖盘
2092,14:29:15,48.18,28908,6,卖盘
2093,14:29:21,48.24,4824,1,买盘
2094,14:29:24,48.24,9648,2,买盘
2095,14:29:27,48.25,19299,4,买盘
2096,14:29:36,48.24,4824,1,买盘
2097,14:29:39,48.24,4824,1,买盘
2098,14:29:42,48.2,9644,2,卖盘
2099,14:29:54,48.24,14472,3,买盘
2100,14:29:57,48.25,14475,3,买盘
2101,14:30:00,48.25,28949,6,买盘
2102,14:30:03,48.28,14483,3,买盘
2103,14:30:06,48.2,101248,21,卖盘
2104,14:30:12,48.23,57877,12,卖盘
2105,14:30:24,48.29,9658,2,买盘
2106,14:30:30,48.28,4828,1,买盘
2107,14:30:42,48.22,9644,2,卖盘
2108,14:30:54,48.21,72324,15,卖盘
2109,14:30:57,48.29,4829,1,买盘
2110,14:31:12,48.24,9651,2,卖盘
2111,14:31:18,48.27,4827,1,中性盘
2112,14:31:21,48.24,4824,1,卖盘
2113,14:31:24,48.26,4826,1,买盘
2114,14:31:33,48.28,9654,2,买盘
2115,14:31:36,48.28,9656,2,买盘
2116,14:31:39,48.28,9656,2,买盘
2117,14:31:42,48.29,9659,2,中性盘
2118,14:31:45,48.34,33832,7,买盘
2119,14:32:18,48.34,58003,12,买盘
2120,14:32:21,48.35,4835,1,买盘
2121,14:32:30,48.32,14496,3,中性盘
2122,14:32:33,48.33,19332,4,买盘
2123,14:32:36,48.34,4834,1,买盘
2124,14:32:39,48.36,33849,7,买盘
2125,14:32:42,48.35,43515,9,中性盘
2126,14:32:45,48.37,9673,2,买盘
2127,14:32:57,48.37,4837,1,买盘
2128,14:33:03,48.38,33864,7,买盘
2129,14:33:06,48.4,67756,14,买盘
2130,14:33:12,48.38,4838,1,买盘
2131,14:33:15,48.38,19351,4,买盘
2132,14:33:18,48.39,72579,15,买盘
2133,14:33:21,48.35,241839,50,卖盘
2134,14:33:27,48.37,29017,6,买盘
2135,14:33:30,48.37,9674,2,买盘
2136,14:33:33,48.37,9674,2,买盘
2137,14:33:36,48.38,14512,3,买盘
2138,14:33:39,48.38,9676,2,买盘
2139,14:33:42,48.38,14514,3,买盘
2140,14:33:45,48.39,9678,2,买盘
2141,14:33:48,48.37,87100,18,卖盘
2142,14:33:57,48.37,87072,18,卖盘
2143,14:34:00,48.32,203049,42,卖盘
2144,14:34:03,48.38,101570,21,买盘
2145,14:34:15,48.37,9673,2,中性盘
2146,14:34:18,48.32,14496,3,卖盘
2147,14:34:39,48.38,1037289,214,买盘
2148,14:34:45,48.38,4838,1,卖盘
2149,14:34:48,48.38,9676,2,卖盘
2150,14:35:03,48.38,9676,2,卖盘
2151,14:35:15,48.39,9678,2,买盘
2152,14:35:21,48.39,38712,8,买盘
2153,14:35:24,48.39,14521,3,卖盘
2154,14:35:36,48.43,9685,2,买盘
2155,14:35:51,48.4,14520,3,中性盘
2156,14:36:03,48.39,24195,5,卖盘
2157,14:36:15,48.43,96832,20,买盘
2158,14:36:36,48.41,14523,3,中性盘
2159,14:36:48,48.4,4840,1,卖盘
2160,14:37:15,48.39,48396,10,卖盘
2161,14:37:21,48.39,14517,3,中性盘
2162,14:37:24,48.36,62892,13,卖盘
2163,14:37:30,48.36,4836,1,卖盘
2164,14:37:33,48.38,9674,2,买盘
2165,14:37:36,48.38,4838,1,买盘
2166,14:37:39,48.36,43527,9,卖盘
2167,14:38:06,48.4,29040,6,买盘
2168,14:38:09,48.39,58087,12,卖盘
2169,14:38:18,48.42,14523,3,买盘
2170,14:38:24,48.39,280665,58,卖盘
2171,14:38:27,48.38,14514,3,卖盘
2172,14:38:30,48.4,4840,1,买盘
2173,14:38:42,48.37,4837,1,卖盘
2174,14:38:45,48.37,4837,1,买盘
2175,14:38:57,48.41,9682,2,买盘
2176,14:39:00,48.41,14522,3,买盘
2177,14:39:03,48.38,67732,14,卖盘
2178,14:39:12,48.36,29020,6,卖盘
2179,14:39:18,48.37,14512,3,买盘
2180,14:39:24,48.37,9674,2,买盘
2181,14:39:36,48.38,14514,3,买盘
2182,14:39:39,48.39,14515,3,买盘
2183,14:39:42,48.39,14517,3,买盘
2184,14:39:48,48.4,19360,4,买盘
2185,14:39:51,48.39,111305,23,卖盘
2186,14:39:54,48.38,62894,13,卖盘
2187,14:39:57,48.39,4839,1,买盘
2188,14:40:00,48.38,4838,1,卖盘
2189,14:40:03,48.38,9677,2,卖盘
2190,14:40:06,48.39,9678,2,买盘
2191,14:40:12,48.4,38720,8,买盘
2192,14:40:18,48.42,48410,10,买盘
2193,14:40:21,48.4,19364,4,中性盘
2194,14:40:24,48.43,9685,2,买盘
2195,14:40:27,48.42,29054,6,卖盘
2196,14:40:30,48.42,9683,2,买盘
2197,14:40:36,48.44,24211,5,买盘
2198,14:40:42,48.4,4840,1,卖盘
2199,14:40:54,48.42,33889,7,中性盘
2200,14:41:00,48.41,9684,2,卖盘
2201,14:41:03,48.41,9682,2,卖盘
2202,14:41:06,48.4,4840,1,卖盘
2203,14:41:09,48.39,9678,2,卖盘
2204,14:41:21,48.43,9685,2,买盘
2205,14:41:24,48.4,38720,8,买盘
2206,14:41:27,48.4,9680,2,买盘
2207,14:41:30,48.4,4840,1,卖盘
2208,14:41:33,48.4,4840,1,买盘
2209,14:41:51,48.39,14517,3,卖盘
2210,14:42:03,48.39,4839,1,买盘
2211,14:42:06,48.39,4839,1,买盘
2212,14:42:12,48.39,14517,3,买盘
2213,14:42:21,48.38,29028,6,卖盘
2214,14:42:24,48.37,101635,21,卖盘
2215,14:42:33,48.4,29035,6,买盘
2216,14:42:39,48.39,33874,7,卖盘
2217,14:42:42,48.39,29034,6,买盘
2218,14:42:45,48.4,4840,1,买盘
2219,14:42:48,48.38,178979,37,卖盘
2220,14:42:54,48.37,4837,1,卖盘
2221,14:43:00,48.24,478673,99,卖盘
2222,14:43:03,48.26,14479,3,买盘
2223,14:43:06,48.28,14483,3,买盘
2224,14:43:09,48.28,9656,2,买盘
2225,14:43:18,48.28,19312,4,买盘
2226,14:43:21,48.29,33792,7,买盘
2227,14:43:24,48.34,19335,4,买盘
2228,14:43:27,48.19,4233801,881,卖盘
2229,14:43:30,48.22,38558,8,买盘
2230,14:43:33,48.26,67526,14,买盘
2231,14:43:36,48.26,43389,9,买盘
2232,14:43:39,48.27,4827,1,买盘
2233,14:43:42,48.29,4829,1,买盘
2234,14:43:48,48.24,19301,4,卖盘
2235,14:44:00,48.22,72351,15,卖盘
2236,14:44:03,48.26,9651,2,买盘
2237,14:44:09,48.25,9650,2,买盘
2238,14:44:12,48.15,24081,5,卖盘
2239,14:44:21,48.14,4814,1,卖盘
2240,14:44:27,48.14,48140,10,卖盘
2241,14:44:33,48.16,4816,1,卖盘
2242,14:44:39,48.14,19262,4,卖盘
2243,14:44:42,48.18,139630,29,买盘
2244,14:44:45,48.2,4820,1,买盘
2245,14:45:00,48.14,14442,3,卖盘
2246,14:45:03,48.12,9624,2,卖盘
2247,14:45:18,48.2,101176,21,买盘
2248,14:45:27,48.2,24100,5,买盘
2249,14:45:36,48.2,14460,3,买盘
2250,14:45:39,48.21,4821,1,买盘
2251,14:45:42,48.21,9642,2,买盘
2252,14:45:45,48.21,9642,2,买盘
2253,14:45:54,48.21,144617,30,买盘
2254,14:45:57,48.22,77167,16,中性盘
2255,14:46:00,48.24,14472,3,中性盘
2256,14:46:09,48.25,38601,8,买盘
2257,14:46:12,48.27,28957,6,买盘
2258,14:46:15,48.27,4827,1,买盘
2259,14:46:18,48.27,19305,4,买盘
2260,14:46:21,48.27,4827,1,买盘
2261,14:46:24,48.24,57903,12,卖盘
2262,14:46:30,48.25,9649,2,买盘
2263,14:46:33,48.25,4825,1,买盘
2264,14:46:39,48.27,67574,14,买盘
2265,14:46:42,48.27,4827,1,买盘
2266,14:46:45,48.27,9654,2,买盘
2267,14:46:48,48.28,38624,8,买盘
2268,14:46:51,48.28,159318,33,中性盘
2269,14:46:54,48.27,19308,4,中性盘
2270,14:47:06,48.26,14478,3,中性盘
2271,14:47:18,48.25,19300,4,卖盘
2272,14:47:21,48.24,38592,8,卖盘
2273,14:47:24,48.24,9648,2,买盘
2274,14:47:27,48.23,33763,7,卖盘
2275,14:47:30,48.23,4823,1,买盘
2276,14:47:39,48.25,14474,3,买盘
2277,14:47:42,48.23,38595,8,卖盘
2278,14:47:54,48.23,48228,10,买盘
2279,14:47:57,48.23,91637,19,买盘
2280,14:48:06,48.26,14473,3,买盘
2281,14:48:09,48.25,4825,1,中性盘
2282,14:48:12,48.24,24125,5,卖盘
2283,14:48:18,48.22,33754,7,卖盘
2284,14:48:24,48.22,67508,14,买盘
2285,14:48:36,48.23,4823,1,卖盘
2286,14:48:42,48.25,48245,10,买盘
2287,14:48:48,48.24,28939,6,中性盘
2288,14:48:51,48.2,86764,18,卖盘
2289,14:48:54,48.2,19280,4,卖盘
2290,14:48:57,48.23,4823,1,买盘
2291,14:49:00,48.2,38563,8,卖盘
2292,14:49:03,48.19,53005,11,中性盘
2293,14:49:06,48.2,43380,9,买盘
2294,14:49:09,48.19,91563,19,卖盘
2295,14:49:18,48.22,14465,3,买盘
2296,14:49:24,48.23,4823,1,买盘
2297,14:49:33,48.2,9640,2,卖盘
2298,14:49:36,48.21,4821,1,买盘
2299,14:49:45,48.2,28920,6,卖盘
2300,14:49:48,48.2,48199,10,买盘
2301,14:49:51,48.2,4820,1,买盘
2302,14:49:54,48.2,14460,3,买盘
2303,14:49:57,48.2,4820,1,买盘
2304,14:50:00,48.22,4822,1,买盘
2305,14:50:03,48.22,14462,3,买盘
2306,14:50:09,48.2,86789,18,卖盘
2307,14:50:12,48.19,14463,3,卖盘
2308,14:50:15,48.23,38578,8,买盘
2309,14:50:18,48.23,4823,1,买盘
2310,14:50:24,48.2,9640,2,中性盘
2311,14:50:30,48.19,53032,11,卖盘
2312,14:50:33,48.2,9640,2,中性盘
2313,14:50:36,48.19,4819,1,卖盘
2314,14:50:39,48.21,4821,1,中性盘
2315,14:50:42,48.2,4820,1,中性盘
2316,14:50:45,48.22,14466,3,买盘
2317,14:50:48,48.22,9644,2,买盘
2318,14:50:51,48.22,62686,13,买盘
2319,14:50:57,48.22,14465,3,买盘
2320,14:51:00,48.23,91627,19,买盘
2321,14:51:03,48.23,38584,8,买盘
2322,14:51:06,48.25,106101,22,买盘
2323,14:51:09,48.23,14469,3,卖盘
2324,14:51:12,48.24,14472,3,买盘
2325,14:51:18,48.24,9648,2,买盘
2326,14:51:48,48.2,38565,8,卖盘
2327,14:51:51,48.23,4823,1,买盘
2328,14:52:03,48.19,144584,30,卖盘
2329,14:52:09,48.19,9638,2,卖盘
2330,14:52:18,48.18,96379,20,卖盘
2331,14:52:27,48.17,24087,5,卖盘
2332,14:52:30,48.18,4818,1,买盘
2333,14:52:36,48.14,14442,3,中性盘
2334,14:52:39,48.17,9634,2,卖盘
2335,14:52:42,48.19,4819,1,买盘
2336,14:53:00,48.19,43375,9,买盘
2337,14:53:03,48.18,4818,1,卖盘
2338,14:53:06,48.17,57815,12,卖盘
2339,14:53:09,48.21,33747,7,中性盘
2340,14:53:18,48.22,24110,5,买盘
2341,14:53:30,48.23,14469,3,买盘
2342,14:53:33,48.23,4823,1,买盘
2343,14:53:36,48.23,4823,1,中性盘
2344,14:53:39,48.17,19268,4,卖盘
2345,14:53:42,48.22,24110,5,中性盘
2346,14:53:45,48.16,14458,3,卖盘
2347,14:53:51,48.16,19264,4,卖盘
2348,14:53:54,48.15,24097,5,卖盘
2349,14:53:57,48.22,4822,1,中性盘
2350,14:54:00,48.17,24082,5,中性盘
2351,14:54:03,48.17,38534,8,买盘
2352,14:54:06,48.13,260019,54,卖盘
2353,14:54:12,48.17,38530,8,中性盘
2354,14:54:15,48.22,4822,1,买盘
2355,14:54:18,48.22,19288,4,买盘
2356,14:54:30,48.17,19268,4,中性盘
2357,14:54:45,48.12,14436,3,卖盘
2358,14:55:00,48.15,28884,6,买盘
2359,14:55:06,48.16,14444,3,买盘
2360,14:55:09,48.16,38524,8,买盘
2361,14:55:12,48.17,38532,8,买盘
2362,14:55:15,48.19,4819,1,买盘
2363,14:55:21,48.18,72285,15,买盘
2364,14:55:24,48.19,28912,6,买盘
2365,14:55:27,48.22,14463,3,买盘
2366,14:55:30,48.22,48217,10,买盘
2367,14:55:33,48.15,43378,9,卖盘
2368,14:55:36,48.23,19284,4,买盘
2369,14:55:39,48.23,14469,3,买盘
2370,14:55:45,48.21,9642,2,买盘
2371,14:55:48,48.21,96374,20,买盘
2372,14:55:51,48.17,9634,2,中性盘
2373,14:55:54,48.15,14451,3,卖盘
2374,14:55:57,48.15,19260,4,卖盘
2375,14:56:00,48.13,19255,4,卖盘
2376,14:56:03,48.16,38521,8,买盘
2377,14:56:06,48.17,9633,2,买盘
2378,14:56:09,48.17,28894,6,买盘
2379,14:56:12,48.15,9632,2,卖盘
2380,14:56:18,48.15,9630,2,卖盘
2381,14:56:21,48.15,48156,10,卖盘
2382,14:56:24,48.2,28909,6,买盘
2383,14:56:27,48.13,4813,1,卖盘
2384,14:56:30,48.18,4818,1,买盘
2385,14:56:33,48.12,86646,18,卖盘
2386,14:56:36,48.13,115511,24,买盘
2387,14:56:39,48.12,14436,3,卖盘
2388,14:56:42,48.13,370601,77,买盘
2389,14:56:45,48.2,57822,12,买盘
2390,14:56:48,48.13,33691,7,卖盘
2391,14:56:54,48.13,4813,1,卖盘
2392,14:56:57,48.13,14439,3,卖盘
2393,15:00:00,48.2,2072600,430,卖盘
